delete from book2user_type;
delete from book_file_type;
delete from tag;
delete from author;
delete from book;
delete from book2author;
delete from users;
delete from book2user;
delete from book2tag;
delete from genre;
delete from book2genre;
delete from book_file;
delete from book_rate;
delete from book_review;
delete from book_review_like;

insert into book2user_type (id, code, name)
values (1, 'KEPT', 'Отложена'),
       (2, 'CART', 'В корзине'),
       (3, 'PAID', 'Куплена'),
       (4, 'ARCHIVED', 'В архиве');

insert into book_file_type (id, description, name)
values (1, 'PDF file type', 'PDF'),
       (2, 'EPUB file type', 'EPUB'),
       (3, 'FB2 file type', 'FB2');

insert into tag (id, name)
values (1, 'современная литература'),
       (2, 'классическая литература'),
       (3, 'зарубежная литература'),
       (4, 'фэнтези'),
       (5, 'английская литература'),
       (6, 'русская литература'),
       (7, 'американская литература'),
       (8, 'фантастика'),
       (9, 'детская литература'),
       (10, 'детектив'),
       (11, 'любовь'),
       (12, 'мистика'),
       (13, 'юмор'),
       (14, 'приключения'),
       (15, 'сказка'),
       (16, 'французская литература'),
       (17, 'англия'),
       (18, 'художественная литература'),
       (19, 'психология'),
       (20, 'философия'),
       (21, 'экранизировано'),
       (22, 'любимое'),
       (23, 'антиутопия'),
       (24, 'books you must read before you die'),
       (25, 'роман'),
       (26, 'франция'),
       (27, 'дайте две'),
       (28, 'young adult'),
       (29, 'война'),
       (30, 'история'),
       (31, 'флэшмоб 2016'),
       (32, 'детство'),
       (33, 'жизнь'),
       (34, 'драма'),
       (35, 'россия'),
       (36, 'книжное путешествие'),
       (37, 'советская литература'),
       (38, 'триллер'),
       (39, 'америка'),
       (40, 'немецкая литература'),
       (41, 'вампиры'),
       (42, 'школьная программа'),
       (43, 'рассказы'),
       (44, 'магия'),
       (45, 'дети'),
       (46, 'русская классика'),
       (47, 'флэшмоб 2015'),
       (48, 'биография'),
       (49, 'english');

insert into author (id, description, name, photo, slug)
values (1,
        'Phasellus sit amet erat. Nulla tempus. Vivamus in felis eu sapien cursus vestibulum. Proin eu mi. Nulla ac enim.',
        'Astrid Janney', 'http://dummyimage.com/606x938.png/dddddd/000000', '67319df6a033e7ea9ca43ed4f472531b1ea4e398'),
       (2,
        'Pellentesque at nulla. Suspendisse potenti. Cras in purus eu magna vulputate luctus. Cum sociis natoque penatibus et magnis dis parturient montes, nascetur ridiculus mus. Vivamus vestibulum sagittis sapien.',
        'Yoshi Saywood', 'http://dummyimage.com/600x964.png/dddddd/000000', 'f2dad4ff093c4737f9e161a74c4eb6f499dcb2a1'),
       (3, 'Aenean auctor gravida sem. Praesent id massa id nisl venenatis lacinia. Aenean sit amet justo.',
        'Boyce Pallis', 'http://dummyimage.com/599x969.png/dddddd/000000', '6aba7be7de7c0c3dc1772e203a1c23d8a7135c9b'),
       (4, 'Duis aliquam convallis nunc. Proin at turpis a pede posuere nonummy. Integer non velit.', 'Portie Brawson',
        'http://dummyimage.com/596x957.png/ff4444/ffffff', '49a723199b7e624e7b86e2f8a737243361f790d5'),
       (5,
        'Morbi quis tortor id nulla ultrices aliquet. Maecenas leo odio, condimentum id, luctus nec, molestie sed, justo. Pellentesque viverra pede ac diam.',
        'Del Armit', 'http://dummyimage.com/583x963.png/ff4444/ffffff', 'f2cab6c74325680bb2aef399c60586037b77fa6c'),
       (6,
        'Curabitur gravida nisi at nibh. In hac habitasse platea dictumst. Aliquam augue quam, sollicitudin vitae, consectetuer eget, rutrum at, lorem. Integer tincidunt ante vel ipsum. Praesent blandit lacinia erat.',
        'Donalt Loughlan', 'http://dummyimage.com/585x964.png/5fa2dd/ffffff',
        'ad43282ccaed73b44c5d65bedb252b7aa00c0eab'),
       (7,
        'Vestibulum ante ipsum primis in faucibus orci luctus et ultrices posuere cubilia Curae; Mauris viverra diam vitae quam. Suspendisse potenti. Nullam porttitor lacus at turpis. Donec posuere metus vitae ipsum. Aliquam non mauris.',
        'Tabbie Leitch', 'http://dummyimage.com/583x943.png/cc0000/ffffff', 'c3ff723b4fceade7b252b02f5e78e8eb88b5f3c4'),
       (8,
        'In hac habitasse platea dictumst. Aliquam augue quam, sollicitudin vitae, consectetuer eget, rutrum at, lorem. Integer tincidunt ante vel ipsum. Praesent blandit lacinia erat.',
        'Brice Trusty', 'http://dummyimage.com/587x965.png/ff4444/ffffff', '18febed3d82cc966ef20e5efc893d819a9282199'),
       (9, 'Integer a nibh. In quis justo. Maecenas rhoncus aliquam lacus.', 'Harley Adan',
        'http://dummyimage.com/589x940.png/ff4444/ffffff', '61fcdf543100307f78e4ebc2d54275073f32ef81'),
       (10,
        'Integer pede justo, lacinia eget, tincidunt eget, tempus vel, pede. Morbi porttitor lorem id ligula. Suspendisse ornare consequat lectus.',
        'Yalonda Heath', 'http://dummyimage.com/617x944.png/dddddd/000000', '3d819da99e97d98ad0b662476d9d4332d1dd469a'),
       (11,
        'Maecenas tincidunt lacus at velit. Vivamus vel nulla eget eros elementum pellentesque. Quisque porta volutpat erat. Quisque erat eros, viverra eget, congue eget, semper rutrum, nulla.',
        'Kath Cord', 'http://dummyimage.com/601x949.png/cc0000/ffffff', 'a4fb229b54a77a8f901545fdecff7761132d0b2e'),
       (12,
        'Aliquam sit amet diam in magna bibendum imperdiet. Nullam orci pede, venenatis non, sodales sed, tincidunt eu, felis. Fusce posuere felis sed lacus. Morbi sem mauris, laoreet ut, rhoncus aliquet, pulvinar sed, nisl.',
        'Lil Tabram', 'http://dummyimage.com/580x934.png/cc0000/ffffff', '2fdd4995e87a512a0913562b76ea18d55655bc02'),
       (13,
        'Maecenas tristique, est et tempus semper, est quam pharetra magna, ac consequat metus sapien ut nunc. Vestibulum ante ipsum primis in faucibus orci luctus et ultrices posuere cubilia Curae; Mauris viverra diam vitae quam. Suspendisse potenti.',
        'Karlyn Brill', 'http://dummyimage.com/615x963.png/ff4444/ffffff', '60bab8b66fdd20b6cc7404d1bfa86c44b1c60ac7'),
       (14, 'Phasellus sit amet erat. Nulla tempus. Vivamus in felis eu sapien cursus vestibulum.', 'Hunfredo Elegood',
        'http://dummyimage.com/607x954.png/dddddd/000000', '3b7a1303c7d191825e15574e4d19b846e1f83699'),
       (15, 'Sed ante. Vivamus tortor. Duis mattis egestas metus.', 'Janetta Wilshaw',
        'http://dummyimage.com/598x955.png/dddddd/000000', 'a703ece8e0949d7f52394dc9e36d4316263ba3bb'),
       (16,
        'Vestibulum ac est lacinia nisi venenatis tristique. Fusce congue, diam id ornare imperdiet, sapien urna pretium nisl, ut volutpat sapien arcu sed augue. Aliquam erat volutpat. In congue.',
        'Boote Waycot', 'http://dummyimage.com/604x930.png/ff4444/ffffff', '03bae9fb3575ed2c1c92eeb350b9a61c2acf2c6a'),
       (17,
        'Maecenas rhoncus aliquam lacus. Morbi quis tortor id nulla ultrices aliquet. Maecenas leo odio, condimentum id, luctus nec, molestie sed, justo.',
        'Moore Milner', 'http://dummyimage.com/604x960.png/ff4444/ffffff', '8f310981ba28b26ffd7f7a0713575bc682caa5ba'),
       (18,
        'Sed sagittis. Nam congue, risus semper porta volutpat, quam pede lobortis ligula, sit amet eleifend pede libero quis orci. Nullam molestie nibh in lectus. Pellentesque at nulla.',
        'Ole Andryszczak', 'http://dummyimage.com/610x950.png/5fa2dd/ffffff',
        'fd90cfb7425acc3db9a0ca8c832425aca0215c15'),
       (19,
        'Nullam molestie nibh in lectus. Pellentesque at nulla. Suspendisse potenti. Cras in purus eu magna vulputate luctus. Cum sociis natoque penatibus et magnis dis parturient montes, nascetur ridiculus mus.',
        'Patric Danilevich', 'http://dummyimage.com/617x944.png/dddddd/000000',
        'd48e1c507fa5e63c5fc5f8283cf1a6cf61f0b666'),
       (20,
        'Nulla facilisi. Cras non velit nec nisi vulputate nonummy. Maecenas tincidunt lacus at velit. Vivamus vel nulla eget eros elementum pellentesque.',
        'Cyndia Cubbit', 'http://dummyimage.com/594x956.png/5fa2dd/ffffff', '9c08380267dbeb019227e0b6f8ea99f0cb76ba6f'),
       (21,
        'Nulla tellus. In sagittis dui vel nisl. Duis ac nibh. Fusce lacus purus, aliquet at, feugiat non, pretium quis, lectus.',
        'Inga Lanahan', 'http://dummyimage.com/618x954.png/dddddd/000000', '893406ef28c25a772015eb29183680a24ccae55c'),
       (22,
        'Morbi vestibulum, velit id pretium iaculis, diam erat fermentum justo, nec condimentum neque sapien placerat ante. Nulla justo. Aliquam quis turpis eget elit sodales scelerisque. Mauris sit amet eros. Suspendisse accumsan tortor quis turpis.',
        'Josh Capponeer', 'http://dummyimage.com/616x932.png/ff4444/ffffff',
        '61806aba885c76682f9ec4ffffb571153bc82ce2'),
       (23,
        'Duis consequat dui nec nisi volutpat eleifend. Donec ut dolor. Morbi vel lectus in quam fringilla rhoncus.',
        'Ignaz Trye', 'http://dummyimage.com/609x934.png/ff4444/ffffff', 'af1ab4fbc969cc582db439d77c68ce4ad24ce079'),
       (24, 'Praesent blandit. Nam nulla. Integer pede justo, lacinia eget, tincidunt eget, tempus vel, pede.',
        'Betsy McBryde', 'http://dummyimage.com/605x938.png/cc0000/ffffff', 'd6a17136b82b40780688bfec4bb331457f18db7e'),
       (25, 'Nulla tempus. Vivamus in felis eu sapien cursus vestibulum. Proin eu mi. Nulla ac enim.', 'Erhard Basler',
        'http://dummyimage.com/620x947.png/5fa2dd/ffffff', 'ddd226b8bb00b4efe6e1751e5b9e9e225ce68ec8'),
       (26,
        'Fusce posuere felis sed lacus. Morbi sem mauris, laoreet ut, rhoncus aliquet, pulvinar sed, nisl. Nunc rhoncus dui vel sem. Sed sagittis.',
        'Boony Rossi', 'http://dummyimage.com/620x950.png/ff4444/ffffff', '38b1fbcc80d849d1eedbcb5fa7f11bc974fb939c'),
       (27,
        'In blandit ultrices enim. Lorem ipsum dolor sit amet, consectetuer adipiscing elit. Proin interdum mauris non ligula pellentesque ultrices. Phasellus id sapien in sapien iaculis congue.',
        'Brandi Wrightson', 'http://dummyimage.com/588x956.png/dddddd/000000',
        '8d5502f6bb9c4ad6ab15de049d8b1f981bad43ec'),
       (28, 'Suspendisse accumsan tortor quis turpis. Sed ante. Vivamus tortor.', 'Auguste Woodstock',
        'http://dummyimage.com/606x931.png/cc0000/ffffff', 'ec0b247450debd1af6c89e1456dcc11d45d265f2'),
       (29, 'Suspendisse accumsan tortor quis turpis. Sed ante. Vivamus tortor.', 'Broderick Hinckes',
        'http://dummyimage.com/595x935.png/5fa2dd/ffffff', '1919e9abed547aab0c5410a709b962486caf239b'),
       (30,
        'Pellentesque at nulla. Suspendisse potenti. Cras in purus eu magna vulputate luctus. Cum sociis natoque penatibus et magnis dis parturient montes, nascetur ridiculus mus. Vivamus vestibulum sagittis sapien.',
        'George Woolland', 'http://dummyimage.com/613x959.png/ff4444/ffffff',
        'd069f88f0593d82312bc6f2b368d959ceeef3b1f'),
       (31, 'Mauris sit amet eros. Suspendisse accumsan tortor quis turpis. Sed ante.', 'Perceval Benninger',
        'http://dummyimage.com/585x954.png/cc0000/ffffff', '0a4d30d0e20e671d20325e9b2c98920d7de9f965'),
       (32,
        'Nulla ac enim. In tempor, turpis nec euismod scelerisque, quam turpis adipiscing lorem, vitae mattis nibh ligula nec sem. Duis aliquam convallis nunc. Proin at turpis a pede posuere nonummy.',
        'Lisetta Shelborne', 'http://dummyimage.com/584x962.png/cc0000/ffffff',
        'c494416b5be4f2e04c2e0c24052874cd300bcf79'),
       (33, 'In est risus, auctor sed, tristique in, tempus sit amet, sem. Fusce consequat. Nulla nisl.',
        'Darius Martinolli', 'http://dummyimage.com/608x956.png/5fa2dd/ffffff',
        '5db9ca4ee7dfd336ecc5ca34a1154076c147f9aa'),
       (34,
        'Quisque ut erat. Curabitur gravida nisi at nibh. In hac habitasse platea dictumst. Aliquam augue quam, sollicitudin vitae, consectetuer eget, rutrum at, lorem.',
        'Irene Hodgins', 'http://dummyimage.com/616x936.png/cc0000/ffffff', '86bc5a8865e03e818ce7e38834b786daba0986ef'),
       (35,
        'Proin interdum mauris non ligula pellentesque ultrices. Phasellus id sapien in sapien iaculis congue. Vivamus metus arcu, adipiscing molestie, hendrerit at, vulputate vitae, nisl.',
        'Malina Tomlin', 'http://dummyimage.com/593x964.png/ff4444/ffffff', '304908f8a0c895e59879cc694313c89c62359bb0'),
       (36,
        'Donec odio justo, sollicitudin ut, suscipit a, feugiat et, eros. Vestibulum ac est lacinia nisi venenatis tristique. Fusce congue, diam id ornare imperdiet, sapien urna pretium nisl, ut volutpat sapien arcu sed augue. Aliquam erat volutpat.',
        'Kermy Tither', 'http://dummyimage.com/592x930.png/ff4444/ffffff', 'c5dadd6fe08fa808406c81ab0e7173b2f3c5e700'),
       (37,
        'Maecenas ut massa quis augue luctus tincidunt. Nulla mollis molestie lorem. Quisque ut erat. Curabitur gravida nisi at nibh.',
        'Kelvin Acreman', 'http://dummyimage.com/596x947.png/ff4444/ffffff',
        'f6a58d771eb65caec57ae17dd685bbfc6fa21c71'),
       (38,
        'In eleifend quam a odio. In hac habitasse platea dictumst. Maecenas ut massa quis augue luctus tincidunt. Nulla mollis molestie lorem. Quisque ut erat.',
        'Ahmad Fibben', 'http://dummyimage.com/603x946.png/5fa2dd/ffffff', '82e2cb8185a97ed04d7aa9a5ae9bcbb80d20a5ad'),
       (39,
        'Fusce lacus purus, aliquet at, feugiat non, pretium quis, lectus. Suspendisse potenti. In eleifend quam a odio. In hac habitasse platea dictumst. Maecenas ut massa quis augue luctus tincidunt.',
        'Lesley Fallen', 'http://dummyimage.com/599x962.png/cc0000/ffffff', '6f0a6505ca2d6e73361bbd9441754d29f77ca81d'),
       (40,
        'Integer non velit. Donec diam neque, vestibulum eget, vulputate ut, ultrices vel, augue. Vestibulum ante ipsum primis in faucibus orci luctus et ultrices posuere cubilia Curae; Donec pharetra, magna vestibulum aliquet ultrices, erat tortor sollicitudin mi, sit amet lobortis sapien sapien non mi. Integer ac neque. Duis bibendum.',
        'Sephira Haveline', 'http://dummyimage.com/617x948.png/5fa2dd/ffffff',
        '7c24af373ae389860d34d2acb0c945129f543372'),
       (41,
        'Integer a nibh. In quis justo. Maecenas rhoncus aliquam lacus. Morbi quis tortor id nulla ultrices aliquet.',
        'Ivie Trewhela', 'http://dummyimage.com/612x938.png/ff4444/ffffff', '31097b8d8fdff7b61bae53e65d2729d5880a9ee7'),
       (42,
        'Suspendisse ornare consequat lectus. In est risus, auctor sed, tristique in, tempus sit amet, sem. Fusce consequat. Nulla nisl.',
        'Ivar Swadden', 'http://dummyimage.com/611x956.png/dddddd/000000', '3ee7c0fc5bcb82c376f546d4067f2dcab5513fe4'),
       (43, 'Quisque ut erat. Curabitur gravida nisi at nibh. In hac habitasse platea dictumst.', 'Hollyanne Norres',
        'http://dummyimage.com/600x946.png/ff4444/ffffff', 'e008a35f89875e6b4797c1f7f8cff2d945fd61b2'),
       (44,
        'Curabitur in libero ut massa volutpat convallis. Morbi odio odio, elementum eu, interdum eu, tincidunt in, leo. Maecenas pulvinar lobortis est. Phasellus sit amet erat.',
        'Daryl Pipworth', 'http://dummyimage.com/613x931.png/cc0000/ffffff',
        '09476e2435eb847d7d576e3099ef8422d53c413d'),
       (45,
        'Fusce congue, diam id ornare imperdiet, sapien urna pretium nisl, ut volutpat sapien arcu sed augue. Aliquam erat volutpat. In congue. Etiam justo. Etiam pretium iaculis justo.',
        'Allen MacClinton', 'http://dummyimage.com/609x945.png/dddddd/000000',
        '6b1c03abad6502984c2841fdbff0e319a94f2867'),
       (46,
        'Proin leo odio, porttitor id, consequat in, consequat ut, nulla. Sed accumsan felis. Ut at dolor quis odio consequat varius.',
        'Haskell Marlon', 'http://dummyimage.com/598x944.png/ff4444/ffffff',
        'c085bca888a9439e56d2af97deec35587835a346'),
       (47,
        'Fusce posuere felis sed lacus. Morbi sem mauris, laoreet ut, rhoncus aliquet, pulvinar sed, nisl. Nunc rhoncus dui vel sem. Sed sagittis.',
        'Waite Brittain', 'http://dummyimage.com/596x960.png/ff4444/ffffff',
        'a7fb8c0c6529ff73a99985d0286e5e9b1fe3f141'),
       (48,
        'Integer ac leo. Pellentesque ultrices mattis odio. Donec vitae nisi. Nam ultrices, libero non mattis pulvinar, nulla pede ullamcorper augue, a suscipit nulla elit ac nulla. Sed vel enim sit amet nunc viverra dapibus.',
        'Marten Pacht', 'http://dummyimage.com/599x940.png/dddddd/000000', 'c2787b3af3370bf49ac9ddb0033868281083a8ca'),
       (49, 'In congue. Etiam justo. Etiam pretium iaculis justo.', 'Pennie Bangley',
        'http://dummyimage.com/603x942.png/dddddd/000000', '4846e32d5fed234c83b4f642705b6b151ab9cd8d'),
       (50,
        'In hac habitasse platea dictumst. Aliquam augue quam, sollicitudin vitae, consectetuer eget, rutrum at, lorem. Integer tincidunt ante vel ipsum.',
        'Skylar Killelay', 'http://dummyimage.com/620x961.png/5fa2dd/ffffff',
        '99c9c6f74d4d4233db148d250e8ebfaaf0ff1aea'),
       (51,
        'Integer non velit. Donec diam neque, vestibulum eget, vulputate ut, ultrices vel, augue. Vestibulum ante ipsum primis in faucibus orci luctus et ultrices posuere cubilia Curae; Donec pharetra, magna vestibulum aliquet ultrices, erat tortor sollicitudin mi, sit amet lobortis sapien sapien non mi. Integer ac neque. Duis bibendum.',
        'Rory Blowick', 'http://dummyimage.com/615x936.png/5fa2dd/ffffff', '61d6f2299afbda2a063349ada7ca3760e074e7b6'),
       (52,
        'Morbi non lectus. Aliquam sit amet diam in magna bibendum imperdiet. Nullam orci pede, venenatis non, sodales sed, tincidunt eu, felis. Fusce posuere felis sed lacus. Morbi sem mauris, laoreet ut, rhoncus aliquet, pulvinar sed, nisl.',
        'Andriette Stive', 'http://dummyimage.com/597x934.png/dddddd/000000',
        '1f89c10f01c3e1a59ebd944ff1ba56596eeaa49a'),
       (53,
        'Nunc nisl. Duis bibendum, felis sed interdum venenatis, turpis enim blandit mi, in porttitor pede justo eu massa. Donec dapibus.',
        'Korey Fryatt', 'http://dummyimage.com/581x946.png/5fa2dd/ffffff', '5894b40ed26629fad4f40648e60cbb33a1367462'),
       (54,
        'Nulla tellus. In sagittis dui vel nisl. Duis ac nibh. Fusce lacus purus, aliquet at, feugiat non, pretium quis, lectus.',
        'Joanie Durtnal', 'http://dummyimage.com/601x933.png/5fa2dd/ffffff',
        '11a3a7a9404533092bfffc955eeed911ea67de0d'),
       (55,
        'Phasellus id sapien in sapien iaculis congue. Vivamus metus arcu, adipiscing molestie, hendrerit at, vulputate vitae, nisl. Aenean lectus.',
        'Elladine Kinsman', 'http://dummyimage.com/591x955.png/dddddd/000000',
        '594e042455b691af5d45ef6e50a7f121d9d46062'),
       (56,
        'In hac habitasse platea dictumst. Aliquam augue quam, sollicitudin vitae, consectetuer eget, rutrum at, lorem. Integer tincidunt ante vel ipsum. Praesent blandit lacinia erat. Vestibulum sed magna at nunc commodo placerat.',
        'Kenneth Bampfield', 'http://dummyimage.com/580x943.png/5fa2dd/ffffff',
        'adb64b4ff185b4fe62a1c9b3ffa58976df8de37b'),
       (57,
        'Cras in purus eu magna vulputate luctus. Cum sociis natoque penatibus et magnis dis parturient montes, nascetur ridiculus mus. Vivamus vestibulum sagittis sapien. Cum sociis natoque penatibus et magnis dis parturient montes, nascetur ridiculus mus.',
        'Michelle Cholwell', 'http://dummyimage.com/580x962.png/5fa2dd/ffffff',
        '0c3f6c65f1e5c3dbbd2c72b5296e583ec8dac7d0'),
       (58,
        'Cras non velit nec nisi vulputate nonummy. Maecenas tincidunt lacus at velit. Vivamus vel nulla eget eros elementum pellentesque.',
        'Lorie Philpotts', 'http://dummyimage.com/608x941.png/ff4444/ffffff',
        '4def15a118b58b825588ca26fbd2374a6759efab'),
       (59, 'Mauris sit amet eros. Suspendisse accumsan tortor quis turpis. Sed ante.', 'Edmund Baversor',
        'http://dummyimage.com/595x934.png/dddddd/000000', '04f6666be87bb49b2b4f433e3139a94a2f69fa33'),
       (60,
        'Proin at turpis a pede posuere nonummy. Integer non velit. Donec diam neque, vestibulum eget, vulputate ut, ultrices vel, augue. Vestibulum ante ipsum primis in faucibus orci luctus et ultrices posuere cubilia Curae; Donec pharetra, magna vestibulum aliquet ultrices, erat tortor sollicitudin mi, sit amet lobortis sapien sapien non mi.',
        'Lisle Prinne', 'http://dummyimage.com/604x966.png/cc0000/ffffff', 'ed8242d888827ce54ec392b31f7e293ca242ae50'),
       (61,
        'Proin interdum mauris non ligula pellentesque ultrices. Phasellus id sapien in sapien iaculis congue. Vivamus metus arcu, adipiscing molestie, hendrerit at, vulputate vitae, nisl. Aenean lectus.',
        'Glen Heskey', 'http://dummyimage.com/600x951.png/ff4444/ffffff', 'bc807c748e1b5c2c6eb5c97fbccd155d17ee285d'),
       (62, 'Donec posuere metus vitae ipsum. Aliquam non mauris. Morbi non lectus.', 'Aluin Planks',
        'http://dummyimage.com/603x948.png/cc0000/ffffff', '5e08377b477a2e724ac399c1d1584476bdadf924'),
       (63,
        'In tempor, turpis nec euismod scelerisque, quam turpis adipiscing lorem, vitae mattis nibh ligula nec sem. Duis aliquam convallis nunc. Proin at turpis a pede posuere nonummy. Integer non velit. Donec diam neque, vestibulum eget, vulputate ut, ultrices vel, augue.',
        'Constantia Lowfill', 'http://dummyimage.com/604x954.png/ff4444/ffffff',
        '288ee1e9bd81ec1195d20f88b44af98d3e32aa17'),
       (64,
        'Maecenas tristique, est et tempus semper, est quam pharetra magna, ac consequat metus sapien ut nunc. Vestibulum ante ipsum primis in faucibus orci luctus et ultrices posuere cubilia Curae; Mauris viverra diam vitae quam. Suspendisse potenti. Nullam porttitor lacus at turpis. Donec posuere metus vitae ipsum.',
        'Karena Kyffin', 'http://dummyimage.com/587x955.png/dddddd/000000', '99ba4388fd36bf2aebafc2a51bcc3d9576fc8be3'),
       (65,
        'Mauris enim leo, rhoncus sed, vestibulum sit amet, cursus id, turpis. Integer aliquet, massa id lobortis convallis, tortor risus dapibus augue, vel accumsan tellus nisi eu orci. Mauris lacinia sapien quis libero. Nullam sit amet turpis elementum ligula vehicula consequat.',
        'Dewie Kettow', 'http://dummyimage.com/582x960.png/dddddd/000000', '83968105bb74696e8eb01d4960cf09eeb49ff35a'),
       (66, 'Nunc purus. Phasellus in felis. Donec semper sapien a libero. Nam dui.', 'Alford Winsper',
        'http://dummyimage.com/605x939.png/5fa2dd/ffffff', 'e5dfbc0e9556627486af2e932f1b247a09ee9da5'),
       (67, 'Aenean sit amet justo. Morbi ut odio. Cras mi pede, malesuada in, imperdiet et, commodo vulputate, justo.',
        'Stormie Martine', 'http://dummyimage.com/582x932.png/5fa2dd/ffffff',
        'b802c30e4ffb5b37899aa36abf7ac3af2503d348'),
       (68,
        'Donec ut dolor. Morbi vel lectus in quam fringilla rhoncus. Mauris enim leo, rhoncus sed, vestibulum sit amet, cursus id, turpis. Integer aliquet, massa id lobortis convallis, tortor risus dapibus augue, vel accumsan tellus nisi eu orci. Mauris lacinia sapien quis libero.',
        'Theodora Fishpoole', 'http://dummyimage.com/598x942.png/ff4444/ffffff',
        '419314b2a511fd1ea2a523d1fe0c47a0874a938c'),
       (69, 'Nulla facilisi. Cras non velit nec nisi vulputate nonummy. Maecenas tincidunt lacus at velit.',
        'Zuzana Nellis', 'http://dummyimage.com/594x953.png/cc0000/ffffff', 'd3f68589cf9a1a9421b299b31c1cef93b7da8ffa'),
       (70,
        'Nam dui. Proin leo odio, porttitor id, consequat in, consequat ut, nulla. Sed accumsan felis. Ut at dolor quis odio consequat varius. Integer ac leo.',
        'Jilly Laffin', 'http://dummyimage.com/585x961.png/dddddd/000000', 'ece2b65886eb5ecaaf7b19b387e5b33740314ce7'),
       (71,
        'Aliquam quis turpis eget elit sodales scelerisque. Mauris sit amet eros. Suspendisse accumsan tortor quis turpis. Sed ante.',
        'Meridith Cozins', 'http://dummyimage.com/600x931.png/ff4444/ffffff',
        'a427f9bd1c69581d95d2e94cba14dd463cf033cd'),
       (72,
        'Praesent blandit lacinia erat. Vestibulum sed magna at nunc commodo placerat. Praesent blandit. Nam nulla. Integer pede justo, lacinia eget, tincidunt eget, tempus vel, pede.',
        'Silvana Koubu', 'http://dummyimage.com/603x935.png/dddddd/000000', 'c688990cd24e537cd27cd09dfcb8c4295498693f'),
       (73, 'Nulla tellus. In sagittis dui vel nisl. Duis ac nibh.', 'Stanley Uttridge',
        'http://dummyimage.com/592x954.png/cc0000/ffffff', 'd4d30cbed407c7c8d4a141f3cc05ff059c23b43f'),
       (74,
        'Nullam sit amet turpis elementum ligula vehicula consequat. Morbi a ipsum. Integer a nibh. In quis justo. Maecenas rhoncus aliquam lacus.',
        'Chalmers Bruins', 'http://dummyimage.com/616x947.png/ff4444/ffffff',
        'a595a840274a8936ffc9a01206c01d82cf1fd825'),
       (75, 'Nulla facilisi. Cras non velit nec nisi vulputate nonummy. Maecenas tincidunt lacus at velit.',
        'Joshuah Garber', 'http://dummyimage.com/588x938.png/dddddd/000000',
        '489717ae71f85cf374c290c36ea94cba5ea0e927'),
       (76,
        'Vestibulum ac est lacinia nisi venenatis tristique. Fusce congue, diam id ornare imperdiet, sapien urna pretium nisl, ut volutpat sapien arcu sed augue. Aliquam erat volutpat. In congue. Etiam justo.',
        'Kerr Iacovelli', 'http://dummyimage.com/596x950.png/5fa2dd/ffffff',
        'b22e71864b96514045f7a323447a68a7d1591233'),
       (77, 'Suspendisse accumsan tortor quis turpis. Sed ante. Vivamus tortor.', 'Jobyna Howen',
        'http://dummyimage.com/592x938.png/ff4444/ffffff', '473a688bf580991e9eebd110d3f6c6f9c869d074'),
       (78,
        'Phasellus id sapien in sapien iaculis congue. Vivamus metus arcu, adipiscing molestie, hendrerit at, vulputate vitae, nisl. Aenean lectus. Pellentesque eget nunc.',
        'Mahala Lovie', 'http://dummyimage.com/585x932.png/cc0000/ffffff', '2699b3b2e1d805d19b03b82007223269dc25c4c5'),
       (79,
        'Vestibulum rutrum rutrum neque. Aenean auctor gravida sem. Praesent id massa id nisl venenatis lacinia. Aenean sit amet justo.',
        'Husain Corston', 'http://dummyimage.com/600x946.png/dddddd/000000',
        'b1b6fafaa584cf04fff0b0b05a9f893037273653'),
       (80,
        'Nulla tellus. In sagittis dui vel nisl. Duis ac nibh. Fusce lacus purus, aliquet at, feugiat non, pretium quis, lectus.',
        'Vanessa Littleton', 'http://dummyimage.com/580x966.png/cc0000/ffffff',
        '9e341b865ccc99c203e2938aa4c3d4d5c0b36f54'),
       (81,
        'Quisque erat eros, viverra eget, congue eget, semper rutrum, nulla. Nunc purus. Phasellus in felis. Donec semper sapien a libero. Nam dui.',
        'Adair Shallow', 'http://dummyimage.com/595x951.png/cc0000/ffffff', 'fddb15d74f0b9a872d9349b5a449745f29932736'),
       (82,
        'Cras in purus eu magna vulputate luctus. Cum sociis natoque penatibus et magnis dis parturient montes, nascetur ridiculus mus. Vivamus vestibulum sagittis sapien. Cum sociis natoque penatibus et magnis dis parturient montes, nascetur ridiculus mus.',
        'Faye Hanwright', 'http://dummyimage.com/594x935.png/cc0000/ffffff',
        'bd864611d7c22d1ae4e652b9a2c97a6dcbf24643'),
       (83,
        'Suspendisse potenti. Nullam porttitor lacus at turpis. Donec posuere metus vitae ipsum. Aliquam non mauris. Morbi non lectus.',
        'Jocelyn Benn', 'http://dummyimage.com/586x946.png/cc0000/ffffff', '95fe7d5638628ef74265227003b905824bd6df3a'),
       (84,
        'Morbi ut odio. Cras mi pede, malesuada in, imperdiet et, commodo vulputate, justo. In blandit ultrices enim.',
        'Dania Oldham', 'http://dummyimage.com/617x947.png/dddddd/000000', 'a05c225081fbceddbdafafb87f55f8f550f6f0ee'),
       (85, 'Duis mattis egestas metus. Aenean fermentum. Donec ut mauris eget massa tempor convallis.', 'Giralda Soro',
        'http://dummyimage.com/602x936.png/ff4444/ffffff', 'a353516df5019f18105261adf56fc56f817af18a'),
       (86,
        'Curabitur convallis. Duis consequat dui nec nisi volutpat eleifend. Donec ut dolor. Morbi vel lectus in quam fringilla rhoncus. Mauris enim leo, rhoncus sed, vestibulum sit amet, cursus id, turpis.',
        'Abra Di Giacomo', 'http://dummyimage.com/613x967.png/ff4444/ffffff',
        '0a41654354abc9b6949a12f1969bba4e38e108c5'),
       (87,
        'Vestibulum ante ipsum primis in faucibus orci luctus et ultrices posuere cubilia Curae; Nulla dapibus dolor vel est. Donec odio justo, sollicitudin ut, suscipit a, feugiat et, eros. Vestibulum ac est lacinia nisi venenatis tristique. Fusce congue, diam id ornare imperdiet, sapien urna pretium nisl, ut volutpat sapien arcu sed augue.',
        'Dewitt Teresa', 'http://dummyimage.com/589x957.png/dddddd/000000', '4e1295b029a672f2e541a91d3c857281333e3e0f'),
       (88,
        'Aliquam quis turpis eget elit sodales scelerisque. Mauris sit amet eros. Suspendisse accumsan tortor quis turpis. Sed ante. Vivamus tortor.',
        'Sybyl Ainslie', 'http://dummyimage.com/583x956.png/dddddd/000000', '816e8a3a500704048f9b450b557f0add13c0294e'),
       (89,
        'Vivamus vel nulla eget eros elementum pellentesque. Quisque porta volutpat erat. Quisque erat eros, viverra eget, congue eget, semper rutrum, nulla.',
        'Eugenie Ohm', 'http://dummyimage.com/602x943.png/dddddd/000000', '6da4c794d411d94ca5c09243c7860a7128281322'),
       (90,
        'Nam dui. Proin leo odio, porttitor id, consequat in, consequat ut, nulla. Sed accumsan felis. Ut at dolor quis odio consequat varius.',
        'Maddie Gover', 'http://dummyimage.com/617x931.png/ff4444/ffffff', '66499b6a5b3abd033de63a2c6ef1283af0ef215e'),
       (91,
        'In quis justo. Maecenas rhoncus aliquam lacus. Morbi quis tortor id nulla ultrices aliquet. Maecenas leo odio, condimentum id, luctus nec, molestie sed, justo. Pellentesque viverra pede ac diam.',
        'Fabio Hedon', 'http://dummyimage.com/599x942.png/dddddd/000000', 'ff4a3f4a56985a52410cbb8f9e3bfb89b7252813'),
       (92,
        'Suspendisse potenti. Nullam porttitor lacus at turpis. Donec posuere metus vitae ipsum. Aliquam non mauris. Morbi non lectus.',
        'Geneva Barfoot', 'http://dummyimage.com/594x970.png/5fa2dd/ffffff',
        '974fa454fbd60dd74b04ef9486ef2d88978aecb3'),
       (93,
        'Praesent blandit. Nam nulla. Integer pede justo, lacinia eget, tincidunt eget, tempus vel, pede. Morbi porttitor lorem id ligula. Suspendisse ornare consequat lectus.',
        'Tillie Aizic', 'http://dummyimage.com/602x941.png/5fa2dd/ffffff', '880bb8b1bc36ab2be0faabdc7bf730ddad98368b'),
       (94,
        'Praesent lectus. Vestibulum quam sapien, varius ut, blandit non, interdum in, ante. Vestibulum ante ipsum primis in faucibus orci luctus et ultrices posuere cubilia Curae; Duis faucibus accumsan odio. Curabitur convallis. Duis consequat dui nec nisi volutpat eleifend.',
        'Hillie Rosander', 'http://dummyimage.com/611x944.png/ff4444/ffffff',
        '09b18988074ff4db735b61cd01d58c62f0956468'),
       (95,
        'Integer aliquet, massa id lobortis convallis, tortor risus dapibus augue, vel accumsan tellus nisi eu orci. Mauris lacinia sapien quis libero. Nullam sit amet turpis elementum ligula vehicula consequat.',
        'Fax Lashford', 'http://dummyimage.com/606x955.png/ff4444/ffffff', '19e58cd7b6b17d6839dd6f0d6e82db72615d3411'),
       (96,
        'Mauris enim leo, rhoncus sed, vestibulum sit amet, cursus id, turpis. Integer aliquet, massa id lobortis convallis, tortor risus dapibus augue, vel accumsan tellus nisi eu orci. Mauris lacinia sapien quis libero. Nullam sit amet turpis elementum ligula vehicula consequat. Morbi a ipsum.',
        'Bobby Leaman', 'http://dummyimage.com/617x968.png/5fa2dd/ffffff', 'bf7442c9e3ea0655483e360ea60bc63182221fb6'),
       (97,
        'Pellentesque ultrices mattis odio. Donec vitae nisi. Nam ultrices, libero non mattis pulvinar, nulla pede ullamcorper augue, a suscipit nulla elit ac nulla.',
        'Madalyn Spurett', 'http://dummyimage.com/601x948.png/ff4444/ffffff',
        'f2549c606ea9dfebf2cff0420b81f317cfa3e455'),
       (98, 'In congue. Etiam justo. Etiam pretium iaculis justo. In hac habitasse platea dictumst.', 'Adolphe Byart',
        'http://dummyimage.com/592x933.png/5fa2dd/ffffff', '3eae1bdc3a28491384724b4776d2fbf669112683'),
       (99,
        'In hac habitasse platea dictumst. Aliquam augue quam, sollicitudin vitae, consectetuer eget, rutrum at, lorem. Integer tincidunt ante vel ipsum. Praesent blandit lacinia erat. Vestibulum sed magna at nunc commodo placerat.',
        'Marcus Gilliver', 'http://dummyimage.com/587x960.png/5fa2dd/ffffff',
        'a0a2d0a165a1d51f79747e21e59b455ae84f6e77'),
       (100,
        'Phasellus sit amet erat. Nulla tempus. Vivamus in felis eu sapien cursus vestibulum. Proin eu mi. Nulla ac enim.',
        'Hakim Russam', 'http://dummyimage.com/595x954.png/5fa2dd/ffffff', '22beb4da3842a3087a9d65b307f89a6c727b789e'),
       (101, 'Nullam sit amet turpis elementum ligula vehicula consequat. Morbi a ipsum. Integer a nibh.',
        'Cristy Sare', 'http://dummyimage.com/606x938.png/dddddd/000000', 'f392def3d445a21118fb71cb54f3d1ae8902966a'),
       (102,
        'Curabitur convallis. Duis consequat dui nec nisi volutpat eleifend. Donec ut dolor. Morbi vel lectus in quam fringilla rhoncus. Mauris enim leo, rhoncus sed, vestibulum sit amet, cursus id, turpis.',
        'Angel Reiglar', 'http://dummyimage.com/600x964.png/dddddd/000000', '2c52f869e36d4df94606e13fb1ca99815e4660fe'),
       (103,
        'Vestibulum ante ipsum primis in faucibus orci luctus et ultrices posuere cubilia Curae; Mauris viverra diam vitae quam. Suspendisse potenti. Nullam porttitor lacus at turpis. Donec posuere metus vitae ipsum. Aliquam non mauris.',
        'Arlina Westphalen', 'http://dummyimage.com/599x969.png/dddddd/000000',
        'b012189bf86394ff5a776421a4614bcd6927bc61'),
       (104,
        'In hac habitasse platea dictumst. Maecenas ut massa quis augue luctus tincidunt. Nulla mollis molestie lorem. Quisque ut erat.',
        'Shelba Grabert', 'http://dummyimage.com/596x957.png/ff4444/ffffff',
        '3704854bcbc8dfc176b9a22e904c489f7b29d489'),
       (105,
        'Nunc nisl. Duis bibendum, felis sed interdum venenatis, turpis enim blandit mi, in porttitor pede justo eu massa. Donec dapibus. Duis at velit eu est congue elementum.',
        'Chrotoem Oda', 'http://dummyimage.com/583x963.png/ff4444/ffffff', '2b0e6ea1964129e12afc166e8f058d74586c0e67'),
       (106,
        'Quisque porta volutpat erat. Quisque erat eros, viverra eget, congue eget, semper rutrum, nulla. Nunc purus. Phasellus in felis. Donec semper sapien a libero.',
        'Ofilia Gascard', 'http://dummyimage.com/585x964.png/5fa2dd/ffffff',
        'f5dad5f1483b508bed53a0f448a42921ab915878'),
       (107,
        'Nulla justo. Aliquam quis turpis eget elit sodales scelerisque. Mauris sit amet eros. Suspendisse accumsan tortor quis turpis.',
        'Pyotr Pfeifer', 'http://dummyimage.com/583x943.png/cc0000/ffffff', '53f95b2ed8d7676959003d00a1b43c8b8c23b696'),
       (108, 'Sed accumsan felis. Ut at dolor quis odio consequat varius. Integer ac leo.', 'Eduino Morican',
        'http://dummyimage.com/587x965.png/ff4444/ffffff', '33345adaa591a882a9ba513755e378f86a03001c'),
       (109,
        'Duis ac nibh. Fusce lacus purus, aliquet at, feugiat non, pretium quis, lectus. Suspendisse potenti. In eleifend quam a odio.',
        'Xymenes Grundwater', 'http://dummyimage.com/589x940.png/ff4444/ffffff',
        '56d06b1ca43c5ac2b8b012458172ba751eb097ec'),
       (110, 'Morbi a ipsum. Integer a nibh. In quis justo.', 'Grayce Findlow',
        'http://dummyimage.com/617x944.png/dddddd/000000', 'dcc387d1a8b0c2147af7bbd78449f8fcb8aafdbb'),
       (111,
        'Etiam vel augue. Vestibulum rutrum rutrum neque. Aenean auctor gravida sem. Praesent id massa id nisl venenatis lacinia. Aenean sit amet justo.',
        'Brittney Minards', 'http://dummyimage.com/601x949.png/cc0000/ffffff',
        '74566de39e25c91c74d39f9ffc16dd1a99f0fee2'),
       (112,
        'Vivamus metus arcu, adipiscing molestie, hendrerit at, vulputate vitae, nisl. Aenean lectus. Pellentesque eget nunc. Donec quis orci eget orci vehicula condimentum.',
        'Corena Hockey', 'http://dummyimage.com/580x934.png/cc0000/ffffff', '967559d317cfced2e9e7638e906416df7c30c05b'),
       (113,
        'Donec vitae nisi. Nam ultrices, libero non mattis pulvinar, nulla pede ullamcorper augue, a suscipit nulla elit ac nulla. Sed vel enim sit amet nunc viverra dapibus. Nulla suscipit ligula in lacus.',
        'Cassandry O''Kielt', 'http://dummyimage.com/615x963.png/ff4444/ffffff',
        '21ffd6432559b1ac0e2bdc6dc56bf2d5e761e3e9'),
       (114,
        'Morbi porttitor lorem id ligula. Suspendisse ornare consequat lectus. In est risus, auctor sed, tristique in, tempus sit amet, sem. Fusce consequat. Nulla nisl.',
        'Euphemia Davall', 'http://dummyimage.com/607x954.png/dddddd/000000',
        'd2b15782ff907d0e3e4f0801a201e02776f0ce42'),
       (115, 'Integer a nibh. In quis justo. Maecenas rhoncus aliquam lacus.', 'Eduard Laise',
        'http://dummyimage.com/598x955.png/dddddd/000000', '50081777acba92112b98fd64fe42a62fbf555eb0'),
       (116, 'Vestibulum rutrum rutrum neque. Aenean auctor gravida sem. Praesent id massa id nisl venenatis lacinia.',
        'Harper Kleisel', 'http://dummyimage.com/604x930.png/ff4444/ffffff',
        'd50630f26008c6c3303e96d4ba72e98ee790acc4'),
       (117,
        'Nam congue, risus semper porta volutpat, quam pede lobortis ligula, sit amet eleifend pede libero quis orci. Nullam molestie nibh in lectus. Pellentesque at nulla. Suspendisse potenti. Cras in purus eu magna vulputate luctus.',
        'Daria Cackett', 'http://dummyimage.com/604x960.png/ff4444/ffffff', '1a9d8bf67ac3e9484d34271e566e68f8b60a530b'),
       (118,
        'Duis ac nibh. Fusce lacus purus, aliquet at, feugiat non, pretium quis, lectus. Suspendisse potenti. In eleifend quam a odio. In hac habitasse platea dictumst.',
        'Irwin Krysztofiak', 'http://dummyimage.com/610x950.png/5fa2dd/ffffff',
        'e5040fea2b079f141150f82496e3a90dc97be0f7'),
       (119,
        'Nullam porttitor lacus at turpis. Donec posuere metus vitae ipsum. Aliquam non mauris. Morbi non lectus. Aliquam sit amet diam in magna bibendum imperdiet.',
        'Wilbert Jelf', 'http://dummyimage.com/617x944.png/dddddd/000000', '23abb135c8bb16c52f98890538398fceb3877b8f'),
       (120,
        'Praesent id massa id nisl venenatis lacinia. Aenean sit amet justo. Morbi ut odio. Cras mi pede, malesuada in, imperdiet et, commodo vulputate, justo. In blandit ultrices enim.',
        'Agneta Rooper', 'http://dummyimage.com/594x956.png/5fa2dd/ffffff', '6c0e85f6275e6ddb3c7a4c8f0fd739f47fc28f43'),
       (121,
        'Praesent lectus. Vestibulum quam sapien, varius ut, blandit non, interdum in, ante. Vestibulum ante ipsum primis in faucibus orci luctus et ultrices posuere cubilia Curae; Duis faucibus accumsan odio. Curabitur convallis. Duis consequat dui nec nisi volutpat eleifend.',
        'John Zotto', 'http://dummyimage.com/618x954.png/dddddd/000000', '665c6c231eb304cfc745bb680077b5fb86f862e0'),
       (122, 'Suspendisse potenti. In eleifend quam a odio. In hac habitasse platea dictumst.', 'Colan Cersey',
        'http://dummyimage.com/616x932.png/ff4444/ffffff', '81c3e913775d9cd2529e9d418cecee5d4e72e7ec'),
       (123, 'Nullam porttitor lacus at turpis. Donec posuere metus vitae ipsum. Aliquam non mauris. Morbi non lectus.',
        'Lamond Myles', 'http://dummyimage.com/609x934.png/ff4444/ffffff', 'ccec03468967cae9ea045ebd67158718a8adf652'),
       (124, 'Integer ac neque. Duis bibendum. Morbi non quam nec dui luctus rutrum.', 'Cariotta Leggan',
        'http://dummyimage.com/605x938.png/cc0000/ffffff', '263cd372575929790f64c3224e6c5e40cc4bad11'),
       (125,
        'Donec semper sapien a libero. Nam dui. Proin leo odio, porttitor id, consequat in, consequat ut, nulla. Sed accumsan felis.',
        'Mic Beeres', 'http://dummyimage.com/620x947.png/5fa2dd/ffffff', '24b9db92112663044390d79792f07edb00315b72'),
       (126,
        'Sed vel enim sit amet nunc viverra dapibus. Nulla suscipit ligula in lacus. Curabitur at ipsum ac tellus semper interdum.',
        'Heindrick Hawke', 'http://dummyimage.com/620x950.png/ff4444/ffffff',
        '1ebdc6d9f7f8dc68f27644747a47db904fa08809'),
       (127,
        'Donec quis orci eget orci vehicula condimentum. Curabitur in libero ut massa volutpat convallis. Morbi odio odio, elementum eu, interdum eu, tincidunt in, leo. Maecenas pulvinar lobortis est. Phasellus sit amet erat.',
        'Collette Quinby', 'http://dummyimage.com/588x956.png/dddddd/000000',
        '2b191edec4e76658d9eda52fbc07c06d7b6ecf1d'),
       (128,
        'Sed accumsan felis. Ut at dolor quis odio consequat varius. Integer ac leo. Pellentesque ultrices mattis odio.',
        'Dorthy Bour', 'http://dummyimage.com/606x931.png/cc0000/ffffff', '826700595a24fe04b53e263d8d726f888ca519de'),
       (129, 'Vivamus in felis eu sapien cursus vestibulum. Proin eu mi. Nulla ac enim.', 'Georgena McGrorty',
        'http://dummyimage.com/595x935.png/5fa2dd/ffffff', '300531c743ce09c62ea0f0261ee0567e1c7771bf'),
       (130,
        'Nullam molestie nibh in lectus. Pellentesque at nulla. Suspendisse potenti. Cras in purus eu magna vulputate luctus.',
        'Constantino Gladhill', 'http://dummyimage.com/613x959.png/ff4444/ffffff',
        'f5fe1cf91c6b56dcb06d38eeaee291f8f0b7d796'),
       (131, 'Morbi non quam nec dui luctus rutrum. Nulla tellus. In sagittis dui vel nisl. Duis ac nibh.',
        'Gregg Fison', 'http://dummyimage.com/585x954.png/cc0000/ffffff', '804fbc5fe9cd7d992716ca940920f15800f5bfff'),
       (132,
        'Nulla tellus. In sagittis dui vel nisl. Duis ac nibh. Fusce lacus purus, aliquet at, feugiat non, pretium quis, lectus. Suspendisse potenti.',
        'Bron Guerreru', 'http://dummyimage.com/584x962.png/cc0000/ffffff', '178a8e9353639d6502cf3fe2fda632c9b106097f'),
       (133, 'In quis justo. Maecenas rhoncus aliquam lacus. Morbi quis tortor id nulla ultrices aliquet.',
        'Ciel Chesshire', 'http://dummyimage.com/608x956.png/5fa2dd/ffffff',
        'd775efbc01d2631d6a90d305a85d3d2cbed39abd'),
       (134,
        'Cras in purus eu magna vulputate luctus. Cum sociis natoque penatibus et magnis dis parturient montes, nascetur ridiculus mus. Vivamus vestibulum sagittis sapien. Cum sociis natoque penatibus et magnis dis parturient montes, nascetur ridiculus mus.',
        'Gar Stukings', 'http://dummyimage.com/616x936.png/cc0000/ffffff', '7e8847256c40c46f8766ce5b859b971d6c73fa51'),
       (135,
        'Curabitur in libero ut massa volutpat convallis. Morbi odio odio, elementum eu, interdum eu, tincidunt in, leo. Maecenas pulvinar lobortis est. Phasellus sit amet erat. Nulla tempus.',
        'Patrice Hillaby', 'http://dummyimage.com/593x964.png/ff4444/ffffff',
        '65b3241ff4c53cb4aa9bb71c5aaf767fcabfe769'),
       (136, 'Etiam faucibus cursus urna. Ut tellus. Nulla ut erat id mauris vulputate elementum. Nullam varius.',
        'Emanuel Trevino', 'http://dummyimage.com/592x930.png/ff4444/ffffff',
        '9122d9292e094cbe807f8800033f2a57d8084287'),
       (137,
        'Nulla mollis molestie lorem. Quisque ut erat. Curabitur gravida nisi at nibh. In hac habitasse platea dictumst. Aliquam augue quam, sollicitudin vitae, consectetuer eget, rutrum at, lorem.',
        'Janot Shellsheere', 'http://dummyimage.com/596x947.png/ff4444/ffffff',
        'bd88eda1cf06e2d2f90c591fd71d4a272ae7de54'),
       (138,
        'Proin interdum mauris non ligula pellentesque ultrices. Phasellus id sapien in sapien iaculis congue. Vivamus metus arcu, adipiscing molestie, hendrerit at, vulputate vitae, nisl. Aenean lectus. Pellentesque eget nunc.',
        'Katinka Rumbellow', 'http://dummyimage.com/603x946.png/5fa2dd/ffffff',
        '60663ad6cf5934b3b28aee4e0f06a10907bfcbd0'),
       (139,
        'Sed vel enim sit amet nunc viverra dapibus. Nulla suscipit ligula in lacus. Curabitur at ipsum ac tellus semper interdum. Mauris ullamcorper purus sit amet nulla.',
        'Woodie Hiskey', 'http://dummyimage.com/599x962.png/cc0000/ffffff', 'c8a1eb22ca9e038a2272836b28cd8e284796ed43'),
       (140,
        'Vivamus vestibulum sagittis sapien. Cum sociis natoque penatibus et magnis dis parturient montes, nascetur ridiculus mus. Etiam vel augue. Vestibulum rutrum rutrum neque.',
        'Perkin Demangel', 'http://dummyimage.com/617x948.png/5fa2dd/ffffff',
        '0fa45b4301aa3388e735287d48a3f57ffc6b0fd9'),
       (141,
        'Ut at dolor quis odio consequat varius. Integer ac leo. Pellentesque ultrices mattis odio. Donec vitae nisi.',
        'Matias O''Corr', 'http://dummyimage.com/612x938.png/ff4444/ffffff',
        '31db45264f7c4b3f6f49011200967b8631276fdf'),
       (142,
        'Duis at velit eu est congue elementum. In hac habitasse platea dictumst. Morbi vestibulum, velit id pretium iaculis, diam erat fermentum justo, nec condimentum neque sapien placerat ante.',
        'Jena Atkin', 'http://dummyimage.com/611x956.png/dddddd/000000', 'c40f95c840f6bf0ac9ed0ceb0702c7cc2df891c2'),
       (143,
        'Cras pellentesque volutpat dui. Maecenas tristique, est et tempus semper, est quam pharetra magna, ac consequat metus sapien ut nunc. Vestibulum ante ipsum primis in faucibus orci luctus et ultrices posuere cubilia Curae; Mauris viverra diam vitae quam. Suspendisse potenti.',
        'Joseph Harborow', 'http://dummyimage.com/600x946.png/ff4444/ffffff',
        'bec997ab1fbd6569577d68db0a94f80a44689dca'),
       (144,
        'Duis mattis egestas metus. Aenean fermentum. Donec ut mauris eget massa tempor convallis. Nulla neque libero, convallis eget, eleifend luctus, ultricies eu, nibh. Quisque id justo sit amet sapien dignissim vestibulum.',
        'Cordie Purle', 'http://dummyimage.com/613x931.png/cc0000/ffffff', '4f3c2ea7942c9b1ee541ceff3f1924c70373d40d'),
       (145,
        'Vivamus tortor. Duis mattis egestas metus. Aenean fermentum. Donec ut mauris eget massa tempor convallis. Nulla neque libero, convallis eget, eleifend luctus, ultricies eu, nibh.',
        'Arnoldo Stalf', 'http://dummyimage.com/609x945.png/dddddd/000000', '6a1f8c6cab242b5b5b84cd627a7b96829e1da5ec'),
       (146,
        'Cras mi pede, malesuada in, imperdiet et, commodo vulputate, justo. In blandit ultrices enim. Lorem ipsum dolor sit amet, consectetuer adipiscing elit. Proin interdum mauris non ligula pellentesque ultrices. Phasellus id sapien in sapien iaculis congue.',
        'Nevil Heers', 'http://dummyimage.com/598x944.png/ff4444/ffffff', 'f9dff85a2c44962ce9f4771872d2480baaf9349a'),
       (147,
        'Etiam justo. Etiam pretium iaculis justo. In hac habitasse platea dictumst. Etiam faucibus cursus urna. Ut tellus.',
        'Zolly Huguet', 'http://dummyimage.com/596x960.png/ff4444/ffffff', '14f2f30ef1503dd8a2f95814d2f3765a5d31c823'),
       (148,
        'Aliquam sit amet diam in magna bibendum imperdiet. Nullam orci pede, venenatis non, sodales sed, tincidunt eu, felis. Fusce posuere felis sed lacus. Morbi sem mauris, laoreet ut, rhoncus aliquet, pulvinar sed, nisl.',
        'Christie Shuttle', 'http://dummyimage.com/599x940.png/dddddd/000000',
        '0cffbcbd2f881970248a30b7a9ab4d59209cc6f2'),
       (149,
        'In quis justo. Maecenas rhoncus aliquam lacus. Morbi quis tortor id nulla ultrices aliquet. Maecenas leo odio, condimentum id, luctus nec, molestie sed, justo. Pellentesque viverra pede ac diam.',
        'Joana Wishkar', 'http://dummyimage.com/603x942.png/dddddd/000000', '750747467c8b8084abe5e89e6c8e8ceffbd2a3f8'),
       (150,
        'Cras mi pede, malesuada in, imperdiet et, commodo vulputate, justo. In blandit ultrices enim. Lorem ipsum dolor sit amet, consectetuer adipiscing elit. Proin interdum mauris non ligula pellentesque ultrices.',
        'Devy Gwinnett', 'http://dummyimage.com/620x961.png/5fa2dd/ffffff', '5fb5400b9ce0fecf258345da4bfd74611c44092c'),
       (151,
        'Etiam faucibus cursus urna. Ut tellus. Nulla ut erat id mauris vulputate elementum. Nullam varius. Nulla facilisi.',
        'Madonna Guage', 'http://dummyimage.com/615x936.png/5fa2dd/ffffff', '6f312990a00bb810682fa0093bd420a6b69075ff'),
       (152,
        'Maecenas rhoncus aliquam lacus. Morbi quis tortor id nulla ultrices aliquet. Maecenas leo odio, condimentum id, luctus nec, molestie sed, justo. Pellentesque viverra pede ac diam. Cras pellentesque volutpat dui.',
        'Jarrid Grishanov', 'http://dummyimage.com/597x934.png/dddddd/000000',
        '70c45e80e47be9e065201bcbceae6890c1428923'),
       (153,
        'Duis ac nibh. Fusce lacus purus, aliquet at, feugiat non, pretium quis, lectus. Suspendisse potenti. In eleifend quam a odio.',
        'Irwinn Stellin', 'http://dummyimage.com/581x946.png/5fa2dd/ffffff',
        '70a708304592c73c14f1611de20384cc8c19d3b3'),
       (154, 'Morbi non quam nec dui luctus rutrum. Nulla tellus. In sagittis dui vel nisl.', 'Ichabod Latek',
        'http://dummyimage.com/601x933.png/5fa2dd/ffffff', '0405b8a4a2224d9da508f9e7b035666d4cd4d5a8'),
       (155,
        'Morbi odio odio, elementum eu, interdum eu, tincidunt in, leo. Maecenas pulvinar lobortis est. Phasellus sit amet erat. Nulla tempus. Vivamus in felis eu sapien cursus vestibulum.',
        'Doy MacCracken', 'http://dummyimage.com/591x955.png/dddddd/000000',
        '6be8c1f5529d8d59153dead210e9296a0ac697f4'),
       (156,
        'Aliquam sit amet diam in magna bibendum imperdiet. Nullam orci pede, venenatis non, sodales sed, tincidunt eu, felis. Fusce posuere felis sed lacus.',
        'Katrina Pettecrew', 'http://dummyimage.com/580x943.png/5fa2dd/ffffff',
        'a1481b887d394178ca112b3ac823b8f4731073df'),
       (157,
        'Quisque ut erat. Curabitur gravida nisi at nibh. In hac habitasse platea dictumst. Aliquam augue quam, sollicitudin vitae, consectetuer eget, rutrum at, lorem. Integer tincidunt ante vel ipsum.',
        'Roze Fuidge', 'http://dummyimage.com/580x962.png/5fa2dd/ffffff', 'a2bd155de916685f4d9376615f38be02ebabbf1c'),
       (158,
        'Proin eu mi. Nulla ac enim. In tempor, turpis nec euismod scelerisque, quam turpis adipiscing lorem, vitae mattis nibh ligula nec sem. Duis aliquam convallis nunc. Proin at turpis a pede posuere nonummy.',
        'Charity Cancutt', 'http://dummyimage.com/608x941.png/ff4444/ffffff',
        'b5b5764b69e679ccf20210fbeba05c7f88266524'),
       (159,
        'Vestibulum ac est lacinia nisi venenatis tristique. Fusce congue, diam id ornare imperdiet, sapien urna pretium nisl, ut volutpat sapien arcu sed augue. Aliquam erat volutpat. In congue. Etiam justo.',
        'Delly Cassey', 'http://dummyimage.com/595x934.png/dddddd/000000', '29bfb84bf050f6eeb254a2bce4a95ed9cc393314'),
       (160,
        'Suspendisse potenti. Cras in purus eu magna vulputate luctus. Cum sociis natoque penatibus et magnis dis parturient montes, nascetur ridiculus mus. Vivamus vestibulum sagittis sapien.',
        'Ceil Leatherbarrow', 'http://dummyimage.com/604x966.png/cc0000/ffffff',
        '19946c3e46a047d97741532680c8bef2ec2e1e08'),
       (161,
        'Proin interdum mauris non ligula pellentesque ultrices. Phasellus id sapien in sapien iaculis congue. Vivamus metus arcu, adipiscing molestie, hendrerit at, vulputate vitae, nisl.',
        'Burnard Shrawley', 'http://dummyimage.com/600x951.png/ff4444/ffffff',
        'f0b79807a8a54d7747aa859f9e375581bd31aed0'),
       (162,
        'Praesent blandit lacinia erat. Vestibulum sed magna at nunc commodo placerat. Praesent blandit. Nam nulla. Integer pede justo, lacinia eget, tincidunt eget, tempus vel, pede.',
        'Lorita Coggles', 'http://dummyimage.com/603x948.png/cc0000/ffffff',
        'e552aaa465e5bc29808b1bed71fec1d88d073a80'),
       (163, 'Phasellus in felis. Donec semper sapien a libero. Nam dui.', 'Mayer Goncaves',
        'http://dummyimage.com/604x954.png/ff4444/ffffff', '02d36edc4d93739cf692f2e09a5f166dd2a79bef'),
       (164,
        'Vestibulum ante ipsum primis in faucibus orci luctus et ultrices posuere cubilia Curae; Duis faucibus accumsan odio. Curabitur convallis. Duis consequat dui nec nisi volutpat eleifend.',
        'Donovan Gillmore', 'http://dummyimage.com/587x955.png/dddddd/000000',
        '0ec1a2bc51616f09f5546b34d67d8a1747291ae9'),
       (165,
        'Donec posuere metus vitae ipsum. Aliquam non mauris. Morbi non lectus. Aliquam sit amet diam in magna bibendum imperdiet.',
        'Manuel Ladon', 'http://dummyimage.com/582x960.png/dddddd/000000', '3ac9a4c01968dedf88711ee32541eeff8abecbfe'),
       (166,
        'Vivamus vestibulum sagittis sapien. Cum sociis natoque penatibus et magnis dis parturient montes, nascetur ridiculus mus. Etiam vel augue. Vestibulum rutrum rutrum neque.',
        'William Whitchurch', 'http://dummyimage.com/605x939.png/5fa2dd/ffffff',
        '836513baddd69d45a265294c9949dc2497810a87'),
       (167,
        'Cras mi pede, malesuada in, imperdiet et, commodo vulputate, justo. In blandit ultrices enim. Lorem ipsum dolor sit amet, consectetuer adipiscing elit.',
        'Hobie Parkman', 'http://dummyimage.com/582x932.png/5fa2dd/ffffff', '26178a999aeaa2dd5f661576e0a27c0c0b9f3aee'),
       (168,
        'Nulla suscipit ligula in lacus. Curabitur at ipsum ac tellus semper interdum. Mauris ullamcorper purus sit amet nulla. Quisque arcu libero, rutrum ac, lobortis vel, dapibus at, diam. Nam tristique tortor eu pede.',
        'Ford Norres', 'http://dummyimage.com/598x942.png/ff4444/ffffff', '2740c7ee6139c0cae47bbdf3ef20c0613047ce62'),
       (169,
        'Aliquam non mauris. Morbi non lectus. Aliquam sit amet diam in magna bibendum imperdiet. Nullam orci pede, venenatis non, sodales sed, tincidunt eu, felis. Fusce posuere felis sed lacus.',
        'Melissa Pencot', 'http://dummyimage.com/594x953.png/cc0000/ffffff',
        'a96c76741d5cfa51f88084d1f8657e79e4671a7b'),
       (170, 'In hac habitasse platea dictumst. Etiam faucibus cursus urna. Ut tellus.', 'Linnet Mabbitt',
        'http://dummyimage.com/585x961.png/dddddd/000000', '1b0d9eaa9923ca280d2b530370f40c7a3570c084'),
       (171,
        'Proin risus. Praesent lectus. Vestibulum quam sapien, varius ut, blandit non, interdum in, ante. Vestibulum ante ipsum primis in faucibus orci luctus et ultrices posuere cubilia Curae; Duis faucibus accumsan odio. Curabitur convallis.',
        'Thorstein Sarre', 'http://dummyimage.com/600x931.png/ff4444/ffffff',
        'cae78ac13e80b716894683f4cc3287aef404a9c7'),
       (172,
        'Nunc nisl. Duis bibendum, felis sed interdum venenatis, turpis enim blandit mi, in porttitor pede justo eu massa. Donec dapibus.',
        'Alfie McClinton', 'http://dummyimage.com/603x935.png/dddddd/000000',
        '3dc323eb62aeca754ab99b54d9ccb0ecbb48ec3d'),
       (173,
        'Morbi ut odio. Cras mi pede, malesuada in, imperdiet et, commodo vulputate, justo. In blandit ultrices enim.',
        'Megen Charlot', 'http://dummyimage.com/592x954.png/cc0000/ffffff', 'bbe756e61c631df387c3204ccf975d8d57c4ae39'),
       (174,
        'Fusce lacus purus, aliquet at, feugiat non, pretium quis, lectus. Suspendisse potenti. In eleifend quam a odio.',
        'Pernell Keatch', 'http://dummyimage.com/616x947.png/ff4444/ffffff',
        '640a2ef612f345e1b4d0432f107e5ff8c897cc59'),
       (175,
        'Donec ut mauris eget massa tempor convallis. Nulla neque libero, convallis eget, eleifend luctus, ultricies eu, nibh. Quisque id justo sit amet sapien dignissim vestibulum. Vestibulum ante ipsum primis in faucibus orci luctus et ultrices posuere cubilia Curae; Nulla dapibus dolor vel est.',
        'Cherida Rispin', 'http://dummyimage.com/588x938.png/dddddd/000000',
        '3134062024fbf1c1ce1bfc3eea8a4887bee66267'),
       (176,
        'Pellentesque eget nunc. Donec quis orci eget orci vehicula condimentum. Curabitur in libero ut massa volutpat convallis. Morbi odio odio, elementum eu, interdum eu, tincidunt in, leo.',
        'Tomasine Thurman', 'http://dummyimage.com/596x950.png/5fa2dd/ffffff',
        '1ee7371a3a643eb08cc11e88bd252c111013f7dc'),
       (177,
        'Donec posuere metus vitae ipsum. Aliquam non mauris. Morbi non lectus. Aliquam sit amet diam in magna bibendum imperdiet.',
        'Burton Matthis', 'http://dummyimage.com/592x938.png/ff4444/ffffff',
        '359e2e43c0cdcf1a3256a10446935dd7fb2991b3'),
       (178,
        'Pellentesque at nulla. Suspendisse potenti. Cras in purus eu magna vulputate luctus. Cum sociis natoque penatibus et magnis dis parturient montes, nascetur ridiculus mus. Vivamus vestibulum sagittis sapien.',
        'Kip Hundall', 'http://dummyimage.com/585x932.png/cc0000/ffffff', '80d4691275cfe76944ce4e489b6aaa8cb4ab7451'),
       (179,
        'Nunc rhoncus dui vel sem. Sed sagittis. Nam congue, risus semper porta volutpat, quam pede lobortis ligula, sit amet eleifend pede libero quis orci. Nullam molestie nibh in lectus.',
        'Jasmine Bindon', 'http://dummyimage.com/600x946.png/dddddd/000000',
        '09a9d51706f4e188592603af4185e4c012f66b9a'),
       (180,
        'Cum sociis natoque penatibus et magnis dis parturient montes, nascetur ridiculus mus. Vivamus vestibulum sagittis sapien. Cum sociis natoque penatibus et magnis dis parturient montes, nascetur ridiculus mus. Etiam vel augue. Vestibulum rutrum rutrum neque.',
        'Lawrence Kirman', 'http://dummyimage.com/580x966.png/cc0000/ffffff',
        '6feec6934bf02a0f950fca3d7da8c687a0db8d67'),
       (181,
        'Lorem ipsum dolor sit amet, consectetuer adipiscing elit. Proin interdum mauris non ligula pellentesque ultrices. Phasellus id sapien in sapien iaculis congue.',
        'Torie Huffy', 'http://dummyimage.com/595x951.png/cc0000/ffffff', '1950ae97ef1e2b757feb0294172da26549c4d1ac'),
       (182,
        'Nullam sit amet turpis elementum ligula vehicula consequat. Morbi a ipsum. Integer a nibh. In quis justo. Maecenas rhoncus aliquam lacus.',
        'Lemmie Ibotson', 'http://dummyimage.com/594x935.png/cc0000/ffffff',
        '8a91c029bd9c498ece0d3b2784568a5090c1c70b'),
       (183,
        'Sed vel enim sit amet nunc viverra dapibus. Nulla suscipit ligula in lacus. Curabitur at ipsum ac tellus semper interdum. Mauris ullamcorper purus sit amet nulla.',
        'Dalston Asman', 'http://dummyimage.com/586x946.png/cc0000/ffffff', 'ee1990a3356e938ac43f3ceb0a94aecb94daacb7'),
       (184,
        'Duis at velit eu est congue elementum. In hac habitasse platea dictumst. Morbi vestibulum, velit id pretium iaculis, diam erat fermentum justo, nec condimentum neque sapien placerat ante. Nulla justo. Aliquam quis turpis eget elit sodales scelerisque.',
        'Rodi Brigden', 'http://dummyimage.com/617x947.png/dddddd/000000', 'a61623fa92393743739dc2ad0e6e53a4412a6e3f'),
       (185,
        'Sed sagittis. Nam congue, risus semper porta volutpat, quam pede lobortis ligula, sit amet eleifend pede libero quis orci. Nullam molestie nibh in lectus.',
        'Stanton Hein', 'http://dummyimage.com/602x936.png/ff4444/ffffff', '5b0c9292baa64d643cc93ee04e488bc885f08c8d'),
       (186,
        'In congue. Etiam justo. Etiam pretium iaculis justo. In hac habitasse platea dictumst. Etiam faucibus cursus urna.',
        'Clari Maseyk', 'http://dummyimage.com/613x967.png/ff4444/ffffff', 'a23517e19144dc780693176a5bae91044619b118'),
       (187, 'Duis bibendum. Morbi non quam nec dui luctus rutrum. Nulla tellus.', 'Amelina Frearson',
        'http://dummyimage.com/589x957.png/dddddd/000000', '1cb2bcda68d5500bdd2f1440a90d36f861c050af'),
       (188, 'Maecenas pulvinar lobortis est. Phasellus sit amet erat. Nulla tempus.', 'Susan Growy',
        'http://dummyimage.com/583x956.png/dddddd/000000', 'ac917f3771927a3a935abbf20760a641e2b03b90'),
       (189,
        'Nulla tempus. Vivamus in felis eu sapien cursus vestibulum. Proin eu mi. Nulla ac enim. In tempor, turpis nec euismod scelerisque, quam turpis adipiscing lorem, vitae mattis nibh ligula nec sem.',
        'Trula Philipsohn', 'http://dummyimage.com/602x943.png/dddddd/000000',
        '113abfaa5b5e5c86ddc5e0adf30dafbe191313bb'),
       (190,
        'Duis ac nibh. Fusce lacus purus, aliquet at, feugiat non, pretium quis, lectus. Suspendisse potenti. In eleifend quam a odio. In hac habitasse platea dictumst.',
        'Rustie Goodricke', 'http://dummyimage.com/617x931.png/ff4444/ffffff',
        'f6cce5596d8479d58762e6b36077d77b19f993bc'),
       (191,
        'Vivamus metus arcu, adipiscing molestie, hendrerit at, vulputate vitae, nisl. Aenean lectus. Pellentesque eget nunc. Donec quis orci eget orci vehicula condimentum.',
        'Elyse Ricson', 'http://dummyimage.com/599x942.png/dddddd/000000', 'd7e766197fb52addbb5534d92645d493369b7049'),
       (192,
        'Nam dui. Proin leo odio, porttitor id, consequat in, consequat ut, nulla. Sed accumsan felis. Ut at dolor quis odio consequat varius. Integer ac leo.',
        'Wendel Brayson', 'http://dummyimage.com/594x970.png/5fa2dd/ffffff',
        '912da944af7c1f8ea0d8a43bee6f978ab48a6f87'),
       (193,
        'Maecenas tincidunt lacus at velit. Vivamus vel nulla eget eros elementum pellentesque. Quisque porta volutpat erat. Quisque erat eros, viverra eget, congue eget, semper rutrum, nulla.',
        'Andras Stedman', 'http://dummyimage.com/602x941.png/5fa2dd/ffffff',
        '7471089e3d8b85080f1e8a85499142927a713c5e'),
       (194,
        'Sed accumsan felis. Ut at dolor quis odio consequat varius. Integer ac leo. Pellentesque ultrices mattis odio. Donec vitae nisi.',
        'Ravid Thornthwaite_badPicAuthor', 'http://sdfsdfdummyimage.com/611x944.png/ff4444/ffffff',
        'f56939bc8f68f7efc2a8a4a0e84ece861e1c1b7c'),
       (195,
        'Maecenas ut massa quis augue luctus tincidunt. Nulla mollis molestie lorem. Quisque ut erat. Curabitur gravida nisi at nibh. In hac habitasse platea dictumst.',
        'Carita Tomlett_noPicAuthor', null, 'dfe8b4aeb2736fabaa1dd110657d205964fc5649'),
       (196,
        'Vestibulum ante ipsum primis in faucibus orci luctus et ultrices posuere cubilia Curae; Duis faucibus accumsan odio. Curabitur convallis. Duis consequat dui nec nisi volutpat eleifend. Donec ut dolor. Morbi vel lectus in quam fringilla rhoncus.',
        'Hannah Searchfield', 'http://dummyimage.com/617x968.png/5fa2dd/ffffff',
        '5971f5aefd1cdff488b67e6ca2556615c958cef2'),
       (197,
        'Curabitur in libero ut massa volutpat convallis. Morbi odio odio, elementum eu, interdum eu, tincidunt in, leo. Maecenas pulvinar lobortis est. Phasellus sit amet erat.',
        'Barnie McLinden', 'http://dummyimage.com/601x948.png/ff4444/ffffff',
        'b8bcf44876ec181f7e0bcceafacd3d20c13043b1'),
       (198,
        'Fusce congue, diam id ornare imperdiet, sapien urna pretium nisl, ut volutpat sapien arcu sed augue. Aliquam erat volutpat. In congue. Etiam justo.',
        'Fulton Kertess', 'http://dummyimage.com/592x933.png/5fa2dd/ffffff',
        '8b0ba8648c8ce728e923b8da493e9d6611288f24'),
       (199, 'Duis bibendum. Morbi non quam nec dui luctus rutrum. Nulla tellus. In sagittis dui vel nisl.',
        'Ellsworth Gunney', 'http://dummyimage.com/587x960.png/5fa2dd/ffffff',
        'dca40ee812aa48f3ed534ac2a2ba507d858f1c8e'),
       (200,
        'Maecenas rhoncus aliquam lacus. Morbi quis tortor id nulla ultrices aliquet. Maecenas leo odio, condimentum id, luctus nec, molestie sed, justo. Pellentesque viverra pede ac diam.',
        'Katinka Pogosian', 'http://dummyimage.com/595x954.png/5fa2dd/ffffff',
        'd7d3d6010b7277a02d8dd6f0756a7d52a07fae61');

insert into book (id, description, discount, image, is_bestseller, price, pub_date, slug, title)
values (1, 'Nullam varius. Nulla facilisi. Cras non velit nec nisi vulputate nonummy.', 0,
        'http://dummyimage.com/108x100.png/ff4444/ffffff', 0, 2883, '2/1/1021',
        '673c1de369c95a54fc76260114674b8d6b9f4e2c', 'Crocuta crocuta'),
       (2, 'Duis ac nibh. Fusce lacus purus, aliquet at, feugiat non, pretium quis, lectus. Suspendisse potenti.', 0,
        'http://dummyimage.com/123x100.png/5fa2dd/ffffff', 0, 483, '5/8/2021',
        '1ca6e0f8453c6868ff3554521d38312f28611fb7', 'Macropus robustus'),
       (3, 'Aenean sit amet justo. Morbi ut odio. Cras mi pede, malesuada in, imperdiet et, commodo vulputate, justo.',
        63, 'http://dummyimage.com/246x100.png/ff4444/ffffff', 0, 2252, '12/14/2021',
        'cdd1da9bcfbd5dd8c7601d4070305e8ebb3a4c6d', 'FirstBook of Canis lupus'),
       (4,
        'Cras in purus eu magna vulputate luctus. Cum sociis natoque penatibus et magnis dis parturient montes, nascetur ridiculus mus. Vivamus vestibulum sagittis sapien.',
        60, 'http://dummyimage.com/238x100.png/5fa2dd/ffffff', 0, 578, '7/29/2021',
        '8c28c1f658751a51f6257e4e6e6dd41eb7ab2020', 'Cervus duvauceli'),
       (5, 'Duis ac nibh. Fusce lacus purus, aliquet at, feugiat non, pretium quis, lectus. Suspendisse potenti.', 0,
        'http://dummyimage.com/249x100.png/ff4444/ffffff', 0, 1789, '12/2/2021',
        'c4286c4a910bf356ae89fede64281ad692b84462', 'Balearica pavonina'),
       (6, 'Phasellus sit amet erat. Nulla tempus. Vivamus in felis eu sapien cursus vestibulum.', 0,
        'http://dummyimage.com/115x100.png/dddddd/000000', 92, 873, '4/11/2021',
        '0f10b65436b1a6867d44ec3fa6218b0d16c3eda9', 'Herpestes javanicus'),
       (7,
        'Vestibulum ante ipsum primis in faucibus orci luctus et ultrices posuere cubilia Curae; Donec pharetra, magna vestibulum aliquet ultrices, erat tortor sollicitudin mi, sit amet lobortis sapien sapien non mi. Integer ac neque. Duis bibendum.',
        0, 'http://dummyimage.com/137x100.png/ff4444/ffffff', 0, 1952, '5/17/2021',
        '5ecc211d82e79aa30074a522ce343d4387983e3b', 'Nyctanassa violacea'),
       (8,
        'Phasellus id sapien in sapien iaculis congue. Vivamus metus arcu, adipiscing molestie, hendrerit at, vulputate vitae, nisl. Aenean lectus.',
        0, 'http://dummyimage.com/110x100.png/5fa2dd/ffffff', 19, 818, '6/5/2021',
        '91b316424fd1c0e66f9ca29c0a0275a41eca3f74', 'Theropithecus gelada'),
       (9, 'In eleifend quam a odio. In hac habitasse platea dictumst.', 0,
        'http://dummyimage.com/105x100.png/ff4444/ffffff', 0, 4456, '1/18/2021',
        '5d118c19266e8507081a8b25eae2fb9e757c34d6', 'Ara chloroptera'),
       (10, 'Nullam orci pede, venenatis non, sodales sed, tincidunt eu, felis. Fusce posuere felis sed lacus.', 0,
        'http://dummyimage.com/234x100.png/cc0000/ffffff', 0, 4416, '7/14/2021',
        'dd3a51773fc904bef23dcd65593880e353cfa9c0', 'Choriotis kori'),
       (11,
        'Aliquam augue quam, sollicitudin vitae, consectetuer eget, rutrum at, lorem. Integer tincidunt ante vel ipsum.',
        0, 'http://dummyimage.com/230x100.png/dddddd/000000', 72, 4898, '1/4/2021',
        'bdd38303511efed6ac6f21fc1fe0ce99161247da', 'Ciconia episcopus'),
       (12,
        'Phasellus id sapien in sapien iaculis congue. Vivamus metus arcu, adipiscing molestie, hendrerit at, vulputate vitae, nisl.',
        0, 'http://dummyimage.com/185x100.png/cc0000/ffffff', 40, 1489, '11/5/2021',
        '4f49bbb9358eca0a5fad5d927b04162391fa5b6e', 'Actophilornis africanus'),
       (13,
        'Mauris enim leo, rhoncus sed, vestibulum sit amet, cursus id, turpis. Integer aliquet, massa id lobortis convallis, tortor risus dapibus augue, vel accumsan tellus nisi eu orci. Mauris lacinia sapien quis libero.',
        0, 'http://dummyimage.com/204x100.png/ff4444/ffffff', 0, 3818, '10/30/2021',
        '54c0f289ee32a79bdc6782f541934ddbbde9e946', 'Macaca fuscata'),
       (14,
        'Vestibulum ante ipsum primis in faucibus orci luctus et ultrices posuere cubilia Curae; Duis faucibus accumsan odio. Curabitur convallis.',
        0, 'http://dummyimage.com/187x100.png/5fa2dd/ffffff', 0, 1121, '4/7/2021',
        '9d2932ebc344f21bcf7ee5a417ba78f744253a64', 'Boa constrictor mexicana'),
       (15, 'Integer ac neque. Duis bibendum.', 0, 'http://dummyimage.com/185x100.png/5fa2dd/ffffff', 0, 1332,
        '4/23/2021', 'ba375890a727238d424d66a2b65daa1782304432', 'Anas platyrhynchos'),
       (16,
        'Nulla neque libero, convallis eget, eleifend luctus, ultricies eu, nibh. Quisque id justo sit amet sapien dignissim vestibulum.',
        0, 'http://dummyimage.com/138x100.png/ff4444/ffffff', 0, 2527, '9/22/2021',
        '4020bef0aabe2f215ff83f04d1f4d6a2315be3e1', 'Bubulcus ibis'),
       (17,
        'In tempor, turpis nec euismod scelerisque, quam turpis adipiscing lorem, vitae mattis nibh ligula nec sem. Duis aliquam convallis nunc.',
        77, 'http://dummyimage.com/117x100.png/5fa2dd/ffffff', 0, 4353, '8/19/2021',
        'b6db37741b5c952bcf74aaea4629e61354f7193a', 'Thamnolaea cinnmomeiventris'),
       (18, 'In congue. Etiam justo. Etiam pretium iaculis justo.', 0,
        'http://dummyimage.com/240x100.png/cc0000/ffffff', 0, 1956, '2/14/2021',
        '8c9a8bd72a338cc1f2e8d8c723b274a6bd7817ec', 'Tringa glareola'),
       (19, 'Integer ac leo. Pellentesque ultrices mattis odio.', 41, 'http://dummyimage.com/167x100.png/5fa2dd/ffffff',
        0, 3516, '10/27/2021', '6963ddbf32b9ea7b55940a933d611afa94da5d99', 'Corallus hortulanus cooki'),
       (20, 'Maecenas rhoncus aliquam lacus. Morbi quis tortor id nulla ultrices aliquet.', 0,
        'http://dummyimage.com/110x100.png/5fa2dd/ffffff', 0, 1302, '4/12/2021',
        'a3b1b00cf45b3568d10ebf396d4c281cd5b2080a', 'Casmerodius albus'),
       (21, 'Nulla tempus. Vivamus in felis eu sapien cursus vestibulum. Proin eu mi.', 65,
        'http://dummyimage.com/143x100.png/5fa2dd/ffffff', 0, 829, '9/30/2021',
        '8fca4d17eb160c6f0e1d5007dd43120ee2849074', 'Cynomys ludovicianus'),
       (22, 'Maecenas ut massa quis augue luctus tincidunt. Nulla mollis molestie lorem.', 0,
        'http://dummyimage.com/124x100.png/dddddd/000000', 0, 3590, '11/30/2021',
        'f375ee974daedbb9b5eba3a3a3bedd84f2f92f33', 'Agouti paca'),
       (23,
        'Nam congue, risus semper porta volutpat, quam pede lobortis ligula, sit amet eleifend pede libero quis orci. Nullam molestie nibh in lectus. Pellentesque at nulla.',
        0, 'http://dummyimage.com/225x100.png/dddddd/000000', 0, 4925, '12/8/2021',
        '53ecb4ea66e9e34bdcc6200e680f69cd5c8e379f', 'Canis latrans'),
       (24, 'Duis mattis egestas metus. Aenean fermentum.', 0, 'http://dummyimage.com/202x100.png/cc0000/ffffff', 0,
        439, '11/28/2021', 'c1049a9752f2ae8b78faa7a8ba330e8fb54d0e2a', 'Corvus albicollis'),
       (25, 'Suspendisse potenti. Cras in purus eu magna vulputate luctus.', 43,
        'http://dummyimage.com/211x100.png/ff4444/ffffff', 0, 1734, '11/11/2021',
        '215d9e8631b273a81322886661f41e8dbe4a25b9', 'Paraxerus cepapi'),
       (26, 'Integer a nibh. In quis justo.', 0, 'http://dummyimage.com/119x100.png/cc0000/ffffff', 0, 4425, '8/7/2021',
        '0c08d1ce02d2efe61486ec1157e9b005a829552f', 'Paraxerus cepapi'),
       (27, 'Mauris sit amet eros. Suspendisse accumsan tortor quis turpis.', 0,
        'http://dummyimage.com/134x100.png/5fa2dd/ffffff', 62, 54, '3/26/2021',
        '814b75cec7ee374c05c0b5ed4e7ad4b4ece9b965', 'Lama pacos'),
       (28, 'Suspendisse accumsan tortor quis turpis. Sed ante. Vivamus tortor.', 38,
        'http://dummyimage.com/216x100.png/5fa2dd/ffffff', 0, 1465, '5/23/2021',
        '4e536268bbb97fa2306728f71455387d68b27372', 'Anastomus oscitans'),
       (29, 'Vivamus in felis eu sapien cursus vestibulum. Proin eu mi. Nulla ac enim.', 0,
        'http://dummyimage.com/223x100.png/ff4444/ffffff', 0, 4114, '10/12/2021',
        'a8b60d1451b047bed41c9179f8a4b31efc368335', 'Ciconia episcopus'),
       (30, 'Morbi non lectus. Aliquam sit amet diam in magna bibendum imperdiet.', 0,
        'http://dummyimage.com/100x100.png/cc0000/ffffff', 0, 1922, '1/17/2021',
        'e5dd2af84a4b4efda94212f825350567c9cbbbdb', 'Merops nubicus'),
       (31,
        'Vestibulum quam sapien, varius ut, blandit non, interdum in, ante. Vestibulum ante ipsum primis in faucibus orci luctus et ultrices posuere cubilia Curae; Duis faucibus accumsan odio. Curabitur convallis.',
        0, 'http://dummyimage.com/220x100.png/ff4444/ffffff', 0, 1046, '4/5/2021',
        'ad67cceeead6dda367f24e6e9e46febc797b2525', 'Bucephala clangula'),
       (32, 'Integer ac leo. Pellentesque ultrices mattis odio. Donec vitae nisi.', 57,
        'http://dummyimage.com/120x100.png/ff4444/ffffff', 0, 1564, '9/1/2021',
        '1c35da67b9a5bbf15f970a16a1e9ddc0d3142f3f', 'Chamaelo sp.'),
       (33,
        'Nam ultrices, libero non mattis pulvinar, nulla pede ullamcorper augue, a suscipit nulla elit ac nulla. Sed vel enim sit amet nunc viverra dapibus.',
        0, 'http://dummyimage.com/232x100.png/cc0000/ffffff', 0, 1531, '7/23/2021',
        '31084d9950a9169d99c9aedfcb8fc2bc36ba75b0', 'Antechinus flavipes'),
       (34, 'Aenean fermentum. Donec ut mauris eget massa tempor convallis.', 0,
        'http://dummyimage.com/125x100.png/dddddd/000000', 0, 3995, '12/28/2020',
        '33400bdd0fbc054dc987e92c8a75dc200552146d', 'Carduelis pinus'),
       (35,
        'Vivamus vel nulla eget eros elementum pellentesque. Quisque porta volutpat erat. Quisque erat eros, viverra eget, congue eget, semper rutrum, nulla.',
        0, 'http://dummyimage.com/103x100.png/5fa2dd/ffffff', 0, 2249, '11/27/2021',
        '730ec461da760dedc8145c78a8e9ee96d1ce6dd1', 'Acinynox jubatus'),
       (36,
        'Quisque id justo sit amet sapien dignissim vestibulum. Vestibulum ante ipsum primis in faucibus orci luctus et ultrices posuere cubilia Curae; Nulla dapibus dolor vel est. Donec odio justo, sollicitudin ut, suscipit a, feugiat et, eros.',
        75, 'http://dummyimage.com/176x100.png/ff4444/ffffff', 0, 1888, '10/17/2021',
        '014f33a031a1686056019e0b89cd781f0b569384', 'Phascogale tapoatafa'),
       (37,
        'Nulla neque libero, convallis eget, eleifend luctus, ultricies eu, nibh. Quisque id justo sit amet sapien dignissim vestibulum.',
        66, 'http://dummyimage.com/188x100.png/ff4444/ffffff', 0, 2003, '10/15/2021',
        '00c548d32a6b10ffc7a266d9bbf2463c9784270c', 'Lamprotornis nitens'),
       (38,
        'Integer aliquet, massa id lobortis convallis, tortor risus dapibus augue, vel accumsan tellus nisi eu orci. Mauris lacinia sapien quis libero.',
        38, 'http://dummyimage.com/206x100.png/cc0000/ffffff', 0, 275, '9/13/2021',
        '44797190c2e86fac02237999d8a940cd76d4bb1f', 'Eudyptula minor'),
       (39,
        'Praesent lectus. Vestibulum quam sapien, varius ut, blandit non, interdum in, ante. Vestibulum ante ipsum primis in faucibus orci luctus et ultrices posuere cubilia Curae; Duis faucibus accumsan odio.',
        0, 'http://dummyimage.com/199x100.png/dddddd/000000', 0, 1519, '12/6/2021',
        '89efb834dfdc12bea0006e08b30779b90a361208', 'Corythornis cristata'),
       (40,
        'Donec ut mauris eget massa tempor convallis. Nulla neque libero, convallis eget, eleifend luctus, ultricies eu, nibh. Quisque id justo sit amet sapien dignissim vestibulum.',
        0, 'http://dummyimage.com/187x100.png/cc0000/ffffff', 62, 2009, '1/9/2021',
        'f2c57f3c89b4c9566598e4c10fa400b8d2dc06c8', 'Rhabdomys pumilio'),
       (41,
        'Mauris lacinia sapien quis libero. Nullam sit amet turpis elementum ligula vehicula consequat. Morbi a ipsum.',
        44, 'http://dummyimage.com/202x100.png/5fa2dd/ffffff', 0, 2300, '2/20/2021',
        '613dcd98656823af68ec32b458d65fca06bb4470', 'Marmota monax'),
       (42, 'Nulla ut erat id mauris vulputate elementum. Nullam varius.', 0,
        'http://dummyimage.com/244x100.png/cc0000/ffffff', 0, 4312, '10/11/2021',
        'f35cb1af50fe3d4c00e9acd6e4786fd0bedfd500', 'Coendou prehensilis'),
       (43, 'Nullam porttitor lacus at turpis. Donec posuere metus vitae ipsum. Aliquam non mauris.', 0,
        'http://dummyimage.com/161x100.png/5fa2dd/ffffff', 0, 125, '7/4/2021',
        'a12f7b40769976c12803c2b1b40d80128938446f', 'Climacteris melanura'),
       (44,
        'Nam ultrices, libero non mattis pulvinar, nulla pede ullamcorper augue, a suscipit nulla elit ac nulla. Sed vel enim sit amet nunc viverra dapibus.',
        0, 'http://dummyimage.com/190x100.png/cc0000/ffffff', 0, 3161, '10/2/2021',
        'bf494c0b5239528870da79768cd4da54c6945e6d', 'Sarcorhamphus papa'),
       (45, 'Integer ac leo. Pellentesque ultrices mattis odio.', 0, 'http://dummyimage.com/154x100.png/dddddd/000000',
        0, 1643, '10/9/2021', '6804787a4aef0b7cd5d4f260ff0be1157089e6c3', 'Cebus albifrons'),
       (46,
        'Pellentesque viverra pede ac diam. Cras pellentesque volutpat dui. Maecenas tristique, est et tempus semper, est quam pharetra magna, ac consequat metus sapien ut nunc.',
        44, 'http://dummyimage.com/227x100.png/ff4444/ffffff', 0, 254, '6/22/2021',
        'a8fac3020e7df40c1bc3242e38be355811bbdb0a', 'Phascogale calura'),
       (47, 'In quis justo. Maecenas rhoncus aliquam lacus.', 30, 'http://dummyimage.com/144x100.png/ff4444/ffffff', 0,
        233, '7/18/2021', '164bcab350655629f83735d75aef4108276d6403', 'Eutamias minimus'),
       (48,
        'Donec diam neque, vestibulum eget, vulputate ut, ultrices vel, augue. Vestibulum ante ipsum primis in faucibus orci luctus et ultrices posuere cubilia Curae; Donec pharetra, magna vestibulum aliquet ultrices, erat tortor sollicitudin mi, sit amet lobortis sapien sapien non mi.',
        55, 'http://dummyimage.com/170x100.png/cc0000/ffffff', 0, 2433, '11/25/2021',
        '58e124ba36afd1751b9f96c03d486ce3b607a6c6', 'Naja haje'),
       (49, 'Pellentesque at nulla. Suspendisse potenti. Cras in purus eu magna vulputate luctus.', 0,
        'http://dummyimage.com/119x100.png/ff4444/ffffff', 0, 4747, '2/1/2021',
        '96ab7d281c5b1b735f5ca8140846d1d5a4125faf', 'Macaca mulatta'),
       (50,
        'Suspendisse potenti. Cras in purus eu magna vulputate luctus. Cum sociis natoque penatibus et magnis dis parturient montes, nascetur ridiculus mus.',
        0, 'http://dummyimage.com/130x100.png/dddddd/000000', 0, 4622, '3/7/2021',
        'f5664611100f705cdf90b4d61879e1cef4371279', 'Ctenophorus ornatus'),
       (51, 'Integer non velit. Donec diam neque, vestibulum eget, vulputate ut, ultrices vel, augue.', 53,
        'http://dummyimage.com/120x100.png/5fa2dd/ffffff', 0, 4756, '10/31/2021',
        '630de9bc0d7f7f8e33dc0b2c79530ca7a8cf966b', 'Caiman crocodilus'),
       (52,
        'Phasellus id sapien in sapien iaculis congue. Vivamus metus arcu, adipiscing molestie, hendrerit at, vulputate vitae, nisl.',
        0, 'http://dummyimage.com/172x100.png/cc0000/ffffff', 0, 2685, '7/13/2021',
        '585b3a83d384416e7b38dc55d28d410edafccd3d', 'Lemur fulvus'),
       (53, 'Sed ante. Vivamus tortor. Duis mattis egestas metus.', 19,
        'http://dummyimage.com/168x100.png/dddddd/000000', 0, 3006, '3/20/2021',
        '3e9c7e3e70d61b0fad6fd9206a7161ce21ca94d0', 'Neotoma sp.'),
       (54, 'Donec dapibus. Duis at velit eu est congue elementum. In hac habitasse platea dictumst.', 59,
        'http://dummyimage.com/233x100.png/cc0000/ffffff', 0, 2725, '3/28/2021',
        '050de201b6e4d2c356efadc48898a5e069902612', 'Isoodon obesulus'),
       (55,
        'Nam congue, risus semper porta volutpat, quam pede lobortis ligula, sit amet eleifend pede libero quis orci. Nullam molestie nibh in lectus. Pellentesque at nulla.',
        59, 'http://dummyimage.com/231x100.png/cc0000/ffffff', 0, 4482, '6/14/2021',
        '7f356b90a910c86956102511ed7dc0ef7862a631', 'Propithecus verreauxi'),
       (56,
        'Proin leo odio, porttitor id, consequat in, consequat ut, nulla. Sed accumsan felis. Ut at dolor quis odio consequat varius.',
        0, 'http://dummyimage.com/161x100.png/5fa2dd/ffffff', 0, 1113, '7/8/2021',
        'd4429e72ff96d90d02c59e71031766cd850d0707', 'Tachyglossus aculeatus'),
       (57, 'Ut at dolor quis odio consequat varius. Integer ac leo.', 0,
        'http://dummyimage.com/235x100.png/5fa2dd/ffffff', 0, 3843, '8/2/2021',
        '532afca876c33197946d4db38cd995ca72e794ae', 'Odocoileus hemionus'),
       (58,
        'Vivamus vestibulum sagittis sapien. Cum sociis natoque penatibus et magnis dis parturient montes, nascetur ridiculus mus.',
        72, 'http://dummyimage.com/228x100.png/dddddd/000000', 57, 951, '11/12/2021',
        '147a05bdd87f9d0ae95c18c93f054be1fd808703', 'Spermophilus tridecemlineatus'),
       (59, 'Suspendisse potenti. Nullam porttitor lacus at turpis.', 24,
        'http://dummyimage.com/122x100.png/ff4444/ffffff', 0, 4358, '1/12/2021',
        'b23bc3887ac89e7da0756cbc70efb315d9f79bb8', 'Streptopelia decipiens'),
       (60,
        'Mauris enim leo, rhoncus sed, vestibulum sit amet, cursus id, turpis. Integer aliquet, massa id lobortis convallis, tortor risus dapibus augue, vel accumsan tellus nisi eu orci.',
        58, 'http://dummyimage.com/192x100.png/ff4444/ffffff', 0, 2182, '12/27/2020',
        '2008db0a59bcc741c5fdea459959f0d18b257936', 'Cervus duvauceli'),
       (61,
        'Nulla neque libero, convallis eget, eleifend luctus, ultricies eu, nibh. Quisque id justo sit amet sapien dignissim vestibulum.',
        0, 'http://dummyimage.com/102x100.png/cc0000/ffffff', 92, 3406, '10/22/2021',
        '3ee4c8a1b58e313b3fcdc1ff98007531aaa427b0', 'Ephippiorhynchus mycteria'),
       (62, 'Quisque erat eros, viverra eget, congue eget, semper rutrum, nulla. Nunc purus.', 0,
        'http://dummyimage.com/181x100.png/5fa2dd/ffffff', 0, 1131, '5/11/2021',
        'e90b6b057bfa24fc8d3eb3cd96af37ff88070a17', 'Hyaena brunnea'),
       (63,
        'Vestibulum ac est lacinia nisi venenatis tristique. Fusce congue, diam id ornare imperdiet, sapien urna pretium nisl, ut volutpat sapien arcu sed augue.',
        0, 'http://dummyimage.com/107x100.png/dddddd/000000', 53, 3015, '12/11/2021',
        'dc276df3afe34bbc30e1e71ab9c16b17a01d0d45', 'Nannopterum harrisi'),
       (64, 'Aenean auctor gravida sem. Praesent id massa id nisl venenatis lacinia.', 0,
        'http://dummyimage.com/146x100.png/ff4444/ffffff', 0, 2969, '5/11/2021',
        '84488fb537dd42ecb9ef5cd31a8628cf1a2cc6a2', 'Ara chloroptera'),
       (65,
        'Donec quis orci eget orci vehicula condimentum. Curabitur in libero ut massa volutpat convallis. Morbi odio odio, elementum eu, interdum eu, tincidunt in, leo.',
        72, 'http://dummyimage.com/139x100.png/ff4444/ffffff', 0, 700, '12/5/2021',
        'a6f13f859808113e726ce4f68a6fccaa3448dab7', 'Anas bahamensis'),
       (66,
        'Nam nulla. Integer pede justo, lacinia eget, tincidunt eget, tempus vel, pede. Morbi porttitor lorem id ligula.',
        0, 'http://dummyimage.com/159x100.png/ff4444/ffffff', 0, 1718, '4/28/2021',
        '46cc3179d78fe817072e99f90578e4c266703987', 'Ara chloroptera'),
       (67,
        'Morbi odio odio, elementum eu, interdum eu, tincidunt in, leo. Maecenas pulvinar lobortis est. Phasellus sit amet erat.',
        0, 'http://dummyimage.com/107x100.png/cc0000/ffffff', 0, 4037, '9/17/2021',
        'e638ed79c0ecd9a8e8920631aef57f89ece7bb9f', 'Myotis lucifugus'),
       (68, 'Morbi sem mauris, laoreet ut, rhoncus aliquet, pulvinar sed, nisl. Nunc rhoncus dui vel sem.', 0,
        'http://dummyimage.com/107x100.png/dddddd/000000', 0, 804, '9/5/2021',
        'a8e49d7e0e9330df83ecb02619b09f7a623238b3', 'Oryx gazella'),
       (69,
        'Vestibulum ac est lacinia nisi venenatis tristique. Fusce congue, diam id ornare imperdiet, sapien urna pretium nisl, ut volutpat sapien arcu sed augue.',
        0, 'http://dummyimage.com/103x100.png/ff4444/ffffff', 0, 3653, '3/28/2021',
        '3826d6b05a4b62cf246216e3088210c385465c02', 'Capreolus capreolus'),
       (70, 'Nulla justo. Aliquam quis turpis eget elit sodales scelerisque.', 19,
        'http://dummyimage.com/170x100.png/cc0000/ffffff', 0, 2693, '6/28/2021',
        'b011eaaaeaf63122e199db7d30705a28979687c6', 'Leipoa ocellata'),
       (71,
        'Nulla ac enim. In tempor, turpis nec euismod scelerisque, quam turpis adipiscing lorem, vitae mattis nibh ligula nec sem. Duis aliquam convallis nunc.',
        32, 'http://dummyimage.com/167x100.png/ff4444/ffffff', 0, 229, '12/6/2021',
        'c7861aea6f95e4e05d6e0962becb8c5c75e72be4', 'Eumetopias jubatus'),
       (72, 'Pellentesque ultrices mattis odio. Donec vitae nisi.', 0,
        'http://dummyimage.com/159x100.png/dddddd/000000', 0, 2505, '6/23/2021',
        'ad42b658a72f49d8082f5d07bdae73788e3f4894', 'Phylurus milli'),
       (73, 'Etiam faucibus cursus urna. Ut tellus. Nulla ut erat id mauris vulputate elementum.', 0,
        'http://dummyimage.com/146x100.png/5fa2dd/ffffff', 0, 1490, '8/28/2021',
        '6bcb092b96551a204e4cf64a9a95e4a9238a40a7', 'Dipodomys deserti'),
       (74,
        'Cum sociis natoque penatibus et magnis dis parturient montes, nascetur ridiculus mus. Vivamus vestibulum sagittis sapien.',
        0, 'http://dummyimage.com/173x100.png/ff4444/ffffff', 0, 2875, '10/11/2021',
        '257fe1e13312279b7d16544fa2b6bfa8b1e0e5d8', 'Dasypus novemcinctus'),
       (75, 'Suspendisse potenti. Cras in purus eu magna vulputate luctus.', 17,
        'http://dummyimage.com/133x100.png/cc0000/ffffff', 0, 739, '11/18/2021',
        'bc56ec1a848900f466badc816343efb531e0b91f', 'Paraxerus cepapi'),
       (76, 'Morbi a ipsum. Integer a nibh.', 0, 'http://dummyimage.com/246x100.png/5fa2dd/ffffff', 0, 2785,
        '6/23/2021', '331e3a126162878daa4638c267e3ec66a9d77f76', 'Tamiasciurus hudsonicus'),
       (77, 'Nunc rhoncus dui vel sem. Sed sagittis.', 0, 'http://dummyimage.com/235x100.png/dddddd/000000', 0, 4020,
        '1/25/2021', 'a9b9f0842578136c28755e50577e55aec2742dca', 'Canis lupus lycaon'),
       (78, 'In sagittis dui vel nisl. Duis ac nibh.', 0, 'http://dummyimage.com/165x100.png/5fa2dd/ffffff', 77, 3089,
        '10/22/2021', '5adbbd50cf884f528d4b915b3c5aace009c0c0d0', 'Dusicyon thous'),
       (79, 'Duis ac nibh. Fusce lacus purus, aliquet at, feugiat non, pretium quis, lectus. Suspendisse potenti.', 0,
        'http://dummyimage.com/104x100.png/dddddd/000000', 10, 2833, '11/5/2021',
        '1d84c01a1dca4bf55c6dad08c820c620cb285095', 'Corvus albus'),
       (80, 'Donec semper sapien a libero. Nam dui. Proin leo odio, porttitor id, consequat in, consequat ut, nulla.',
        0, 'http://dummyimage.com/143x100.png/ff4444/ffffff', 0, 1901, '1/17/2021',
        'd2821394f3af61b224e25d4cc019368531a5d515', 'Dicrurus adsimilis'),
       (81, 'Donec posuere metus vitae ipsum. Aliquam non mauris.', 0,
        'http://dummyimage.com/203x100.png/dddddd/000000', 0, 4056, '4/28/2021',
        'ccbd4e69ca9d3744e6e4609de3f30c5334ce0e6e', 'Ceratotherium simum'),
       (82,
        'Maecenas leo odio, condimentum id, luctus nec, molestie sed, justo. Pellentesque viverra pede ac diam. Cras pellentesque volutpat dui.',
        0, 'http://dummyimage.com/233x100.png/5fa2dd/ffffff', 0, 505, '12/12/2020',
        '9f66f623125c819b368947ab24e9cc0860326707', 'Lamprotornis chalybaeus'),
       (83,
        'Quisque id justo sit amet sapien dignissim vestibulum. Vestibulum ante ipsum primis in faucibus orci luctus et ultrices posuere cubilia Curae; Nulla dapibus dolor vel est. Donec odio justo, sollicitudin ut, suscipit a, feugiat et, eros.',
        0, 'http://dummyimage.com/247x100.png/cc0000/ffffff', 0, 529, '6/22/2021',
        '2e971bd936335411fb4a069d8b6f2d5bee3c0bf4', 'Chordeiles minor'),
       (84, 'Curabitur convallis. Duis consequat dui nec nisi volutpat eleifend.', 67,
        'http://dummyimage.com/231x100.png/dddddd/000000', 0, 4448, '1/17/2021',
        '135a2477d405af472f849e8d1f5a29242f27a5bb', 'Eubalaena australis'),
       (85, 'In eleifend quam a odio. In hac habitasse platea dictumst.', 61,
        'http://dummyimage.com/236x100.png/dddddd/000000', 0, 794, '12/28/2020',
        'dc5694a6298342088a2a02bccabd72a749074f64', 'Ramphastos tucanus'),
       (86,
        'Curabitur in libero ut massa volutpat convallis. Morbi odio odio, elementum eu, interdum eu, tincidunt in, leo. Maecenas pulvinar lobortis est.',
        0, 'http://dummyimage.com/208x100.png/ff4444/ffffff', 56, 3390, '2/27/2021',
        'd9971d11c0cd70f7705a4b2e315dfb1886c17ef4', 'Trachyphonus vaillantii'),
       (87, 'Curabitur convallis. Duis consequat dui nec nisi volutpat eleifend. Donec ut dolor.', 13,
        'http://dummyimage.com/207x100.png/dddddd/000000', 0, 631, '1/4/2021',
        'bbd9e4b9527a164f80934f4309cb6245a9789a65', 'Eunectes sp.'),
       (88, 'In sagittis dui vel nisl. Duis ac nibh. Fusce lacus purus, aliquet at, feugiat non, pretium quis, lectus.',
        46, 'http://dummyimage.com/247x100.png/ff4444/ffffff', 0, 1749, '4/25/2021',
        'b3f5bb17801cacdeb93dfbc41721f4f2bef1fd54', 'Casmerodius albus'),
       (89, 'Donec ut dolor. Morbi vel lectus in quam fringilla rhoncus.', 0,
        'http://dummyimage.com/186x100.png/5fa2dd/ffffff', 0, 1300, '1/3/2021',
        '87ee463aff5f41584074884e1750a6d9d71df128', 'Hippotragus niger'),
       (90, 'Integer pede justo, lacinia eget, tincidunt eget, tempus vel, pede. Morbi porttitor lorem id ligula.', 0,
        'http://dummyimage.com/230x100.png/5fa2dd/ffffff', 0, 3466, '8/31/2021',
        '48ebe8e1e182fdf3076f61ac62df427fbc71c301', 'Dromaeus novaehollandiae'),
       (91, 'Etiam pretium iaculis justo. In hac habitasse platea dictumst.', 0,
        'http://dummyimage.com/166x100.png/ff4444/ffffff', 0, 4255, '4/1/2021',
        '75a9c9b173c2bb7f036ad7eaa1299a07477d75fc', 'Thamnolaea cinnmomeiventris'),
       (92, 'Vivamus in felis eu sapien cursus vestibulum. Proin eu mi. Nulla ac enim.', 0,
        'http://dummyimage.com/112x100.png/5fa2dd/ffffff', 0, 1667, '8/26/2021',
        '0cff263371c65746a18124f74d52c6021ddaca75', 'Vanellus chilensis'),
       (93, 'Suspendisse accumsan tortor quis turpis. Sed ante.', 0, 'http://dummyimage.com/150x100.png/cc0000/ffffff',
        0, 2324, '7/14/2021', '8efd2811e00542684e3ef19c2c47202474e68972', 'Sciurus vulgaris'),
       (94, 'Donec ut dolor. Morbi vel lectus in quam fringilla rhoncus.', 0,
        'http://dummyimage.com/248x100.png/ff4444/ffffff', 0, 1095, '12/30/2020',
        '21e510fcd14a8a9864947b05c80952180f914342', 'Cathartes aura'),
       (95,
        'Nulla nisl. Nunc nisl. Duis bibendum, felis sed interdum venenatis, turpis enim blandit mi, in porttitor pede justo eu massa.',
        0, 'http://dummyimage.com/183x100.png/cc0000/ffffff', 0, 1233, '2/23/2021',
        '6104f8e7ad58656937cac4e1abaa628e8b965be9', 'Centrocercus urophasianus'),
       (96, 'Maecenas tincidunt lacus at velit. Vivamus vel nulla eget eros elementum pellentesque.', 0,
        'http://dummyimage.com/193x100.png/dddddd/000000', 0, 3573, '7/28/2021',
        'c7eac8c36e50ef1f3b5163fa97e3f1cc20650a2b', 'Rhabdomys pumilio'),
       (97, 'In sagittis dui vel nisl. Duis ac nibh. Fusce lacus purus, aliquet at, feugiat non, pretium quis, lectus.',
        0, 'http://dummyimage.com/194x100.png/5fa2dd/ffffff', 0, 2714, '3/19/2021',
        'a4cee6639103788084d933a8a01860d5b5345e21', 'Mungos mungo'),
       (98,
        'Nam ultrices, libero non mattis pulvinar, nulla pede ullamcorper augue, a suscipit nulla elit ac nulla. Sed vel enim sit amet nunc viverra dapibus. Nulla suscipit ligula in lacus.',
        0, 'http://dummyimage.com/115x100.png/ff4444/ffffff', 24, 442, '11/4/2021',
        'a8864828eb430c7ec042aa7cf6411d6d2dce5a8f', 'Canis lupus lycaon'),
       (99, 'Vivamus in felis eu sapien cursus vestibulum. Proin eu mi.', 0,
        'http://dummyimage.com/144x100.png/5fa2dd/ffffff', 74, 2211, '3/31/2021',
        '803966910dcf931d6c21d933b20ea1ea34f83a57', 'Alopex lagopus'),
       (100, 'Ut at dolor quis odio consequat varius. Integer ac leo. Pellentesque ultrices mattis odio.', 0,
        'http://dummyimage.com/152x100.png/5fa2dd/ffffff', 0, 3430, '2/12/2021',
        'd3fc7b5331085437bf311818bd52f18be16be6d2', 'Galago crassicaudataus'),
       (101,
        'Duis consequat dui nec nisi volutpat eleifend. Donec ut dolor. Morbi vel lectus in quam fringilla rhoncus.', 0,
        'http://dummyimage.com/189x100.png/cc0000/ffffff', 0, 751, '6/17/2021',
        'bc443e78a0c79eccd4b6ff20ed5a0af8713b9730', 'Tamiasciurus hudsonicus'),
       (102, 'Fusce lacus purus, aliquet at, feugiat non, pretium quis, lectus. Suspendisse potenti.', 0,
        'http://dummyimage.com/154x100.png/5fa2dd/ffffff', 0, 3309, '1/22/2021',
        '0c8f1daf53530f915802139453cfa4a9f09bd0b7', 'Sarkidornis melanotos'),
       (103,
        'Pellentesque ultrices mattis odio. Donec vitae nisi. Nam ultrices, libero non mattis pulvinar, nulla pede ullamcorper augue, a suscipit nulla elit ac nulla.',
        39, 'http://dummyimage.com/187x100.png/dddddd/000000', 0, 3713, '1/15/2021',
        '9f0919e5dc490938fa7f486b6f24f9053c99b2c5', 'Bettongia penicillata'),
       (104, 'Integer a nibh. In quis justo.', 13, 'http://dummyimage.com/172x100.png/ff4444/ffffff', 0, 51,
        '12/10/2021', '6b05fa6adefece08fb2ac38dd415e4cd3fa823b2', 'Bubalus arnee'),
       (105, 'Aliquam non mauris. Morbi non lectus. Aliquam sit amet diam in magna bibendum imperdiet.', 38,
        'http://dummyimage.com/250x100.png/cc0000/ffffff', 0, 3264, '6/9/2021',
        '8a13f765f881a1bb2e17ef1030dd8d9d4ecf56ea', 'Zalophus californicus'),
       (106,
        'Maecenas tristique, est et tempus semper, est quam pharetra magna, ac consequat metus sapien ut nunc. Vestibulum ante ipsum primis in faucibus orci luctus et ultrices posuere cubilia Curae; Mauris viverra diam vitae quam.',
        0, 'http://dummyimage.com/147x100.png/ff4444/ffffff', 45, 762, '4/12/2021',
        '69889cfe06cdaeab1425191bb3aa53b6315781b5', 'Paraxerus cepapi'),
       (107,
        'Aliquam augue quam, sollicitudin vitae, consectetuer eget, rutrum at, lorem. Integer tincidunt ante vel ipsum. Praesent blandit lacinia erat.',
        0, 'http://dummyimage.com/213x100.png/cc0000/ffffff', 0, 1389, '4/5/2021',
        'b2fe8a3d8ae40d47995155b1a94f23a0c563a39b', 'Ara ararauna'),
       (108,
        'Phasellus id sapien in sapien iaculis congue. Vivamus metus arcu, adipiscing molestie, hendrerit at, vulputate vitae, nisl. Aenean lectus.',
        0, 'http://dummyimage.com/170x100.png/cc0000/ffffff', 0, 4756, '2/19/2021',
        'd283fd89240b23f974bef5832dd4e81209525ec7', 'Carduelis pinus'),
       (109, 'Vestibulum rutrum rutrum neque. Aenean auctor gravida sem. Praesent id massa id nisl venenatis lacinia.',
        37, 'http://dummyimage.com/232x100.png/cc0000/ffffff', 0, 2876, '8/29/2021',
        'df05f1b8f51e93fec946ab36ecd955b11cb84b72', 'unavailable'),
       (110,
        'Nunc rhoncus dui vel sem. Sed sagittis. Nam congue, risus semper porta volutpat, quam pede lobortis ligula, sit amet eleifend pede libero quis orci.',
        31, 'http://dummyimage.com/148x100.png/cc0000/ffffff', 0, 4220, '12/18/2020',
        'eefe7680a92c276481131cd7bd41798a3094c343', 'Eolophus roseicapillus'),
       (111,
        'Curabitur in libero ut massa volutpat convallis. Morbi odio odio, elementum eu, interdum eu, tincidunt in, leo. Maecenas pulvinar lobortis est.',
        0, 'http://dummyimage.com/109x100.png/5fa2dd/ffffff', 0, 485, '9/14/2021',
        'a83140a12ff30f5bcde15ac5d629fb827fc5baf6', 'Vombatus ursinus'),
       (112,
        'Phasellus id sapien in sapien iaculis congue. Vivamus metus arcu, adipiscing molestie, hendrerit at, vulputate vitae, nisl. Aenean lectus.',
        69, 'http://dummyimage.com/156x100.png/ff4444/ffffff', 0, 2664, '4/5/2021',
        'd3969e412c894aedfc16174ca12c2832aa530714', 'Corythornis cristata'),
       (113,
        'In eleifend quam a odio. In hac habitasse platea dictumst. Maecenas ut massa quis augue luctus tincidunt.', 0,
        'http://dummyimage.com/174x100.png/5fa2dd/ffffff', 0, 2319, '5/1/2021',
        '2a77c93e93bb6a3391503d51bcf83d7c51af454b', 'Ninox superciliaris'),
       (114,
        'Suspendisse ornare consequat lectus. In est risus, auctor sed, tristique in, tempus sit amet, sem. Fusce consequat.',
        0, 'http://dummyimage.com/161x100.png/dddddd/000000', 0, 1465, '3/18/2021',
        '0040318e6343f1f14c264c6a7e0bff644637f5d1', 'Boa constrictor mexicana'),
       (115, 'Quisque ut erat. Curabitur gravida nisi at nibh. In hac habitasse platea dictumst.', 0,
        'http://dummyimage.com/191x100.png/cc0000/ffffff', 0, 2980, '1/12/2021',
        '78a2df2829d8fcb538d2d0c2ccc831f999c58d1c', 'Cynictis penicillata'),
       (116, 'In eleifend quam a odio. In hac habitasse platea dictumst.', 21,
        'http://dummyimage.com/155x100.png/dddddd/000000', 0, 3418, '11/11/2021',
        '97164a4b2d8150feeda9a3806b6352cc2126af0a', 'Larus dominicanus'),
       (117, 'Integer non velit. Donec diam neque, vestibulum eget, vulputate ut, ultrices vel, augue.', 29,
        'http://dummyimage.com/154x100.png/5fa2dd/ffffff', 0, 776, '4/19/2021',
        '71860b4f1299fa6faf215b9a605d604bfe16ae28', 'Antidorcas marsupialis'),
       (118, 'Cras mi pede, malesuada in, imperdiet et, commodo vulputate, justo. In blandit ultrices enim.', 10,
        'http://dummyimage.com/119x100.png/ff4444/ffffff', 0, 4929, '4/18/2021',
        '269f9ad8bdd6021814007cb88ff36e49223ecab3', 'Aonyx capensis'),
       (119,
        'Cum sociis natoque penatibus et magnis dis parturient montes, nascetur ridiculus mus. Vivamus vestibulum sagittis sapien. Cum sociis natoque penatibus et magnis dis parturient montes, nascetur ridiculus mus.',
        43, 'http://dummyimage.com/250x100.png/ff4444/ffffff', 0, 4057, '5/7/2021',
        '9accd4fca841eb20803356f476a65d24d2d1038b', 'Oryx gazella callotis'),
       (120, 'Donec posuere metus vitae ipsum. Aliquam non mauris.', 0,
        'http://dummyimage.com/179x100.png/ff4444/ffffff', 0, 3370, '6/16/2021',
        'c980f11f78ad6bcc3e5deaaf3a31779bc4745db4', 'Aonyx cinerea'),
       (121, 'Nulla tellus. In sagittis dui vel nisl. Duis ac nibh.', 0,
        'http://dummyimage.com/247x100.png/dddddd/000000', 0, 1303, '4/11/2021',
        '85f945d208e250916b9b9c982aa36ecc7269ed9a', 'Eolophus roseicapillus'),
       (122,
        'Donec ut mauris eget massa tempor convallis. Nulla neque libero, convallis eget, eleifend luctus, ultricies eu, nibh.',
        0, 'http://dummyimage.com/175x100.png/cc0000/ffffff', 0, 1591, '8/21/2021',
        '063d91f52be54c4f0368f548aa1591abdfc74a11', 'Microcavia australis'),
       (123,
        'In blandit ultrices enim. Lorem ipsum dolor sit amet, consectetuer adipiscing elit. Proin interdum mauris non ligula pellentesque ultrices.',
        0, 'http://dummyimage.com/234x100.png/cc0000/ffffff', 0, 4792, '12/16/2020',
        'd59e678e5672c79cfb3f98cc900838530c5b11c4', 'Bassariscus astutus'),
       (124,
        'In hac habitasse platea dictumst. Aliquam augue quam, sollicitudin vitae, consectetuer eget, rutrum at, lorem.',
        39, 'http://dummyimage.com/188x100.png/cc0000/ffffff', 0, 2609, '12/14/2020',
        '87f1970b43fb9d1f69e566c399a915be4c04e38a', 'Cordylus giganteus'),
       (125, 'Nulla mollis molestie lorem. Quisque ut erat. Curabitur gravida nisi at nibh.', 0,
        'http://dummyimage.com/183x100.png/ff4444/ffffff', 1, 3837, '12/13/2020',
        '2160669fe2078cb70dc815dd65858d5ab10cbae6', 'Lorythaixoides concolor'),
       (126, 'Fusce posuere felis sed lacus. Morbi sem mauris, laoreet ut, rhoncus aliquet, pulvinar sed, nisl.', 16,
        'http://dummyimage.com/166x100.png/cc0000/ffffff', 0, 3686, '12/21/2020',
        'e453a404cea4a4de57a6bfff6a77c053de3007b3', 'Graspus graspus'),
       (127, 'Suspendisse potenti. Nullam porttitor lacus at turpis.', 26,
        'http://dummyimage.com/242x100.png/5fa2dd/ffffff', 94, 4338, '2/22/2021',
        'a24971c2dc600abc5873da5fd7d02c48e669777b', 'Physignathus cocincinus'),
       (128, 'In quis justo. Maecenas rhoncus aliquam lacus. Morbi quis tortor id nulla ultrices aliquet.', 0,
        'http://dummyimage.com/244x100.png/dddddd/000000', 0, 1346, '1/11/2021',
        '5e85ce1b64db76400e48c6fce3a04d354b41629b', 'Boa caninus'),
       (129, 'Morbi porttitor lorem id ligula. Suspendisse ornare consequat lectus.', 0,
        'http://dummyimage.com/194x100.png/ff4444/ffffff', 0, 3736, '5/23/2021',
        '8e8ef531bcbf07104475dc954eb84f6ef1cd9c74', 'Bettongia penicillata'),
       (130,
        'Fusce congue, diam id ornare imperdiet, sapien urna pretium nisl, ut volutpat sapien arcu sed augue. Aliquam erat volutpat. In congue.',
        0, 'http://dummyimage.com/188x100.png/dddddd/000000', 0, 3150, '9/6/2021',
        '2bfb48e811a33f8668b3e5af7d281524acb000b4', 'Streptopelia senegalensis'),
       (131,
        'Donec ut dolor. Morbi vel lectus in quam fringilla rhoncus. Mauris enim leo, rhoncus sed, vestibulum sit amet, cursus id, turpis.',
        0, 'http://dummyimage.com/247x100.png/dddddd/000000', 0, 1893, '12/31/2020',
        '6838377c0b241c6b027b6b643bce0d8d74e82a11', 'Streptopelia decipiens'),
       (132,
        'Vivamus metus arcu, adipiscing molestie, hendrerit at, vulputate vitae, nisl. Aenean lectus. Pellentesque eget nunc.',
        0, 'http://dummyimage.com/236x100.png/dddddd/000000', 0, 4130, '8/6/2021',
        '0be5ee2e26270b953d860475de2a2cced238bc80', 'Ceryle rudis'),
       (133,
        'Mauris lacinia sapien quis libero. Nullam sit amet turpis elementum ligula vehicula consequat. Morbi a ipsum.',
        0, 'http://dummyimage.com/205x100.png/dddddd/000000', 0, 2662, '7/17/2021',
        'ebd7b032b8a088ed6ad0e01bae50b498dcc9c73c', 'Macaca mulatta'),
       (134, 'Quisque arcu libero, rutrum ac, lobortis vel, dapibus at, diam. Nam tristique tortor eu pede.', 0,
        'http://dummyimage.com/150x100.png/ff4444/ffffff', 0, 3893, '12/18/2020',
        '2afd77dbdd144eba24c8bb3d584dd21dcd6e12ee', 'Cyrtodactylus louisiadensis'),
       (135, 'Proin risus. Praesent lectus.', 0, 'http://dummyimage.com/142x100.png/dddddd/000000', 76, 3941,
        '1/6/2021', '6c4ff8e11d95aaadf711d1dfaff6bea6dfc3d510', 'Hyaena brunnea'),
       (136, 'Aenean fermentum. Donec ut mauris eget massa tempor convallis.', 63,
        'http://dummyimage.com/202x100.png/5fa2dd/ffffff', 0, 4557, '12/6/2021',
        'd1ccf4ce1c01a4020ac535c4adf30ba412e9f6b3', 'Bison bison'),
       (137, 'Curabitur convallis. Duis consequat dui nec nisi volutpat eleifend.', 0,
        'http://dummyimage.com/171x100.png/ff4444/ffffff', 0, 1413, '4/12/2021',
        '30397e64ec7e3385f05a6e59143369bb522c580c', 'Meles meles'),
       (138, 'Aliquam quis turpis eget elit sodales scelerisque. Mauris sit amet eros.', 70,
        'http://dummyimage.com/223x100.png/ff4444/ffffff', 0, 3680, '11/18/2021',
        '00542850810ec31ca7d17590e39e00d8b9b36219', 'Otocyon megalotis'),
       (139, 'Sed accumsan felis. Ut at dolor quis odio consequat varius. Integer ac leo.', 0,
        'http://dummyimage.com/215x100.png/dddddd/000000', 0, 3779, '8/6/2021',
        'd4eb68481106a7f5144a9c76214a38355aef0289', 'Rhabdomys pumilio'),
       (140, 'Lorem ipsum dolor sit amet, consectetuer adipiscing elit. Proin risus. Praesent lectus.', 0,
        'http://dummyimage.com/205x100.png/5fa2dd/ffffff', 0, 1299, '12/1/2021',
        'd8b2b32fa5eaf32c9e48a0bdbe9549e07371b797', 'Sagittarius serpentarius'),
       (141,
        'Curabitur in libero ut massa volutpat convallis. Morbi odio odio, elementum eu, interdum eu, tincidunt in, leo. Maecenas pulvinar lobortis est.',
        67, 'http://dummyimage.com/195x100.png/ff4444/ffffff', 77, 3990, '10/10/2021',
        'b30bb5190d161954c6136b890a371e414cd1af73', 'Tachybaptus ruficollis'),
       (142, 'Nam dui. Proin leo odio, porttitor id, consequat in, consequat ut, nulla.', 25,
        'http://dummyimage.com/123x100.png/cc0000/ffffff', 0, 493, '3/10/2021',
        '83720ed88b2b1f078ed177b77ee5e4e6ac092c95', 'Castor canadensis'),
       (143,
        'Vestibulum ante ipsum primis in faucibus orci luctus et ultrices posuere cubilia Curae; Donec pharetra, magna vestibulum aliquet ultrices, erat tortor sollicitudin mi, sit amet lobortis sapien sapien non mi. Integer ac neque. Duis bibendum.',
        39, 'http://dummyimage.com/118x100.png/cc0000/ffffff', 0, 1110, '12/25/2020',
        'ef20b1e495310a91b1d7a9325fe24dcefbe6d660', 'Psophia viridis'),
       (144,
        'In hac habitasse platea dictumst. Aliquam augue quam, sollicitudin vitae, consectetuer eget, rutrum at, lorem.',
        0, 'http://dummyimage.com/110x100.png/cc0000/ffffff', 0, 1488, '3/31/2021',
        'c26c89144b2e415b663bd6502c00306ceab9d637', 'Fulica cristata'),
       (145, 'Aliquam quis turpis eget elit sodales scelerisque. Mauris sit amet eros.', 25,
        'http://dummyimage.com/142x100.png/cc0000/ffffff', 0, 1998, '12/12/2020',
        '06ec4eaccb4b46c7dda483bef2a972db08f6ea67', 'Antilope cervicapra'),
       (146, 'Sed accumsan felis. Ut at dolor quis odio consequat varius.', 0,
        'http://dummyimage.com/222x100.png/ff4444/ffffff', 0, 2663, '10/27/2021',
        '8e8c84df3a5b8c4ee27509b34ad38d027b9a06d3', 'Lepilemur rufescens'),
       (147,
        'In tempor, turpis nec euismod scelerisque, quam turpis adipiscing lorem, vitae mattis nibh ligula nec sem. Duis aliquam convallis nunc. Proin at turpis a pede posuere nonummy.',
        0, 'http://dummyimage.com/226x100.png/5fa2dd/ffffff', 0, 1507, '3/29/2021',
        'bc67686027b4d231080049ffa17427ff49aabfc9', 'Antechinus flavipes'),
       (148,
        'Vestibulum ante ipsum primis in faucibus orci luctus et ultrices posuere cubilia Curae; Duis faucibus accumsan odio. Curabitur convallis. Duis consequat dui nec nisi volutpat eleifend.',
        0, 'http://dummyimage.com/221x100.png/dddddd/000000', 0, 4531, '1/26/2021',
        'b24e4bd8ba66efe60f58cd8b6d4882d8b91bcec9', 'Chionis alba'),
       (149, 'Phasellus in felis. Donec semper sapien a libero. Nam dui.', 66,
        'http://dummyimage.com/242x100.png/5fa2dd/ffffff', 17, 1136, '8/24/2021',
        'ab0a95c1df1e0b90d6acc68849cb28ca830d8f39', 'Papio cynocephalus'),
       (150,
        'Maecenas tristique, est et tempus semper, est quam pharetra magna, ac consequat metus sapien ut nunc. Vestibulum ante ipsum primis in faucibus orci luctus et ultrices posuere cubilia Curae; Mauris viverra diam vitae quam.',
        0, 'http://dummyimage.com/156x100.png/dddddd/000000', 2, 1179, '10/16/2021',
        'b4fce128f60b566bd52e8b5fee497b9adb6b668d', 'Vanessa indica'),
       (151, 'Praesent lectus. Vestibulum quam sapien, varius ut, blandit non, interdum in, ante.', 72,
        'http://dummyimage.com/234x100.png/5fa2dd/ffffff', 0, 4772, '6/6/2021',
        '416c8f0d1eeffd2eb47223ff56f76999be9397c1', 'Aegypius tracheliotus'),
       (152,
        'Mauris enim leo, rhoncus sed, vestibulum sit amet, cursus id, turpis. Integer aliquet, massa id lobortis convallis, tortor risus dapibus augue, vel accumsan tellus nisi eu orci. Mauris lacinia sapien quis libero.',
        0, 'http://dummyimage.com/213x100.png/ff4444/ffffff', 0, 2023, '1/19/2021',
        'eca77247cabb562d69c6552f25caaeb22c1da987', 'Pteronura brasiliensis'),
       (153, 'Quisque arcu libero, rutrum ac, lobortis vel, dapibus at, diam. Nam tristique tortor eu pede.', 0,
        'http://dummyimage.com/126x100.png/dddddd/000000', 0, 2318, '10/17/2021',
        'fcf0f4d4b0aad5e7038d887988867e7b3cb53b7a', 'Catharacta skua'),
       (154,
        'Integer aliquet, massa id lobortis convallis, tortor risus dapibus augue, vel accumsan tellus nisi eu orci. Mauris lacinia sapien quis libero. Nullam sit amet turpis elementum ligula vehicula consequat.',
        0, 'http://dummyimage.com/186x100.png/5fa2dd/ffffff', 15, 4749, '9/28/2021',
        'e5baf421f827f9c6737aeb9649e7c414c5046e37', 'Aegypius occipitalis'),
       (155, 'Nulla mollis molestie lorem. Quisque ut erat.', 0, 'http://dummyimage.com/172x100.png/5fa2dd/ffffff', 0,
        1458, '12/28/2020', 'ff01f0f79f4786f034f27bf829f1e2827f4dd613', 'Ratufa indica'),
       (156, 'Nulla mollis molestie lorem. Quisque ut erat. Curabitur gravida nisi at nibh.', 0,
        'http://dummyimage.com/244x100.png/5fa2dd/ffffff', 0, 4435, '8/25/2021',
        '91b6effbea7adbfb968504480ea6a0030c0d4b9c', 'Dicrurus adsimilis'),
       (157, 'Nunc purus. Phasellus in felis.', 21, 'http://dummyimage.com/250x100.png/5fa2dd/ffffff', 0, 4903,
        '12/24/2020', 'ebbb6d94f5ecd004852d0f35a59db06ae57e64ba', 'Psophia viridis'),
       (158, 'Praesent id massa id nisl venenatis lacinia. Aenean sit amet justo.', 0,
        'http://dummyimage.com/174x100.png/ff4444/ffffff', 16, 2501, '9/4/2021',
        '4172ef42defe41f5e38ef8fb876526a3421d69bc', 'Naja haje'),
       (159,
        'Cras non velit nec nisi vulputate nonummy. Maecenas tincidunt lacus at velit. Vivamus vel nulla eget eros elementum pellentesque.',
        67, 'http://dummyimage.com/240x100.png/5fa2dd/ffffff', 69, 1431, '4/29/2021',
        '41b26d04bbe551149844bbdc0135d673eff5639c', 'Tayassu tajacu'),
       (160,
        'Nulla nisl. Nunc nisl. Duis bibendum, felis sed interdum venenatis, turpis enim blandit mi, in porttitor pede justo eu massa.',
        0, 'http://dummyimage.com/149x100.png/ff4444/ffffff', 0, 4098, '10/30/2021',
        '1db83bd03cf61c091f9ea1ee53c86daf945256c6', 'Threskionis aethiopicus'),
       (161,
        'Fusce posuere felis sed lacus. Morbi sem mauris, laoreet ut, rhoncus aliquet, pulvinar sed, nisl. Nunc rhoncus dui vel sem.',
        0, 'http://dummyimage.com/146x100.png/dddddd/000000', 0, 567, '4/10/2021',
        '47dd819cccf81531a19fb470278b6f79df314c4c', 'Dendrocitta vagabunda'),
       (162, 'Fusce lacus purus, aliquet at, feugiat non, pretium quis, lectus. Suspendisse potenti.', 54,
        'http://dummyimage.com/197x100.png/ff4444/ffffff', 0, 4307, '4/23/2021',
        '20e4767948d04b803cb7c2fb22f35f97eebcb6ff', 'Ctenophorus ornatus'),
       (163, 'Nam dui. Proin leo odio, porttitor id, consequat in, consequat ut, nulla. Sed accumsan felis.', 16,
        'http://dummyimage.com/105x100.png/dddddd/000000', 0, 3230, '12/12/2020',
        '9f073531f2026f7ebc62156154bc8483ac3b3dc2', 'Macropus fuliginosus'),
       (164,
        'Pellentesque viverra pede ac diam. Cras pellentesque volutpat dui. Maecenas tristique, est et tempus semper, est quam pharetra magna, ac consequat metus sapien ut nunc.',
        0, 'http://dummyimage.com/132x100.png/cc0000/ffffff', 0, 350, '1/14/2021',
        'ce55eb5ad83897d012da1b0d6491e04d7f035df9', 'Varanus albigularis'),
       (165,
        'Maecenas leo odio, condimentum id, luctus nec, molestie sed, justo. Pellentesque viverra pede ac diam. Cras pellentesque volutpat dui.',
        0, 'http://dummyimage.com/213x100.png/ff4444/ffffff', 0, 3631, '12/12/2020',
        '65481c2cba670d9187d46d0a4274996c1013e166', 'Bucephala clangula'),
       (166, 'Ut at dolor quis odio consequat varius. Integer ac leo. Pellentesque ultrices mattis odio.', 0,
        'http://dummyimage.com/127x100.png/5fa2dd/ffffff', 0, 813, '6/10/2021',
        'ae71fa8a769195f775d5d8a81fd6d31fa203f92e', 'Anser anser'),
       (167,
        'Mauris ullamcorper purus sit amet nulla. Quisque arcu libero, rutrum ac, lobortis vel, dapibus at, diam. Nam tristique tortor eu pede.',
        0, 'http://dummyimage.com/208x100.png/ff4444/ffffff', 0, 4852, '6/24/2021',
        '9092f087fff65743d06666ea93015c1faa7c20cc', 'Acrantophis madagascariensis'),
       (168,
        'Cras mi pede, malesuada in, imperdiet et, commodo vulputate, justo. In blandit ultrices enim. Lorem ipsum dolor sit amet, consectetuer adipiscing elit.',
        0, 'http://dummyimage.com/195x100.png/cc0000/ffffff', 0, 442, '12/5/2021',
        '277998275ad40be400a83629c3c4da2164de5174', 'Ardea golieth'),
       (169, 'Aenean auctor gravida sem. Praesent id massa id nisl venenatis lacinia.', 0,
        'http://dummyimage.com/145x100.png/dddddd/000000', 0, 63, '7/24/2021',
        '07d8ebb26685f41068ee22a3444cc3376500ba9c', 'Callorhinus ursinus'),
       (170, 'Duis mattis egestas metus. Aenean fermentum.', 0, 'http://dummyimage.com/154x100.png/dddddd/000000', 0,
        4808, '2/24/2021', 'fb49cde4e436876975dd99ba90c9f1a45712ede5', 'Iguana iguana'),
       (171,
        'Aliquam sit amet diam in magna bibendum imperdiet. Nullam orci pede, venenatis non, sodales sed, tincidunt eu, felis.',
        0, 'http://dummyimage.com/182x100.png/dddddd/000000', 0, 3154, '5/6/2021',
        '9c2c3bdced53c512ee13b7dafa7dd3cb46183bc5', 'Varanus sp.'),
       (172, 'In hac habitasse platea dictumst. Maecenas ut massa quis augue luctus tincidunt.', 0,
        'http://dummyimage.com/213x100.png/dddddd/000000', 0, 3708, '6/27/2021',
        '607c06c9f90b3ce5ee4fadf4942970421d62e929', 'Damaliscus lunatus'),
       (173, 'Integer a nibh. In quis justo.', 34, 'http://dummyimage.com/204x100.png/cc0000/ffffff', 0, 4033,
        '2/7/2021', '8335cfea01be59f156103d85edc1b3f0c06fbce8', 'Rhea americana'),
       (174, 'Curabitur convallis. Duis consequat dui nec nisi volutpat eleifend.', 0,
        'http://dummyimage.com/238x100.png/dddddd/000000', 29, 4660, '7/26/2021',
        'fc060fe745b5a9f0ac615248540247f829860b57', 'Chlamydosaurus kingii'),
       (175,
        'Morbi vel lectus in quam fringilla rhoncus. Mauris enim leo, rhoncus sed, vestibulum sit amet, cursus id, turpis. Integer aliquet, massa id lobortis convallis, tortor risus dapibus augue, vel accumsan tellus nisi eu orci.',
        0, 'http://dummyimage.com/219x100.png/cc0000/ffffff', 0, 1727, '10/21/2021',
        'ebe4cdfef7601afecbb37fbc7625054a63ef12c4', 'Mazama americana'),
       (176,
        'Phasellus id sapien in sapien iaculis congue. Vivamus metus arcu, adipiscing molestie, hendrerit at, vulputate vitae, nisl. Aenean lectus.',
        0, 'http://dummyimage.com/190x100.png/5fa2dd/ffffff', 0, 3814, '12/8/2021',
        '872ed855df17f3b94c25cf90b000fdeb92dd0358', 'Kobus defassa'),
       (177, 'Ut at dolor quis odio consequat varius. Integer ac leo. Pellentesque ultrices mattis odio.', 0,
        'http://dummyimage.com/135x100.png/cc0000/ffffff', 0, 3571, '1/10/2021',
        'b3a4b0d9a2a658ea7f0aa999d6cd3ed3b67c0c35', 'Centrocercus urophasianus'),
       (178, 'Duis ac nibh. Fusce lacus purus, aliquet at, feugiat non, pretium quis, lectus.', 0,
        'http://dummyimage.com/186x100.png/dddddd/000000', 0, 3762, '5/21/2021',
        'f2cf6ff56c8656d9509ef42a7c353a0198622d11', 'Leprocaulinus vipera'),
       (179,
        'Cras pellentesque volutpat dui. Maecenas tristique, est et tempus semper, est quam pharetra magna, ac consequat metus sapien ut nunc. Vestibulum ante ipsum primis in faucibus orci luctus et ultrices posuere cubilia Curae; Mauris viverra diam vitae quam.',
        0, 'http://dummyimage.com/223x100.png/dddddd/000000', 0, 487, '7/18/2021',
        '4c7900858de296afdebbc66c933b251b96b11995', 'Cracticus nigroagularis'),
       (180,
        'Morbi sem mauris, laoreet ut, rhoncus aliquet, pulvinar sed, nisl. Nunc rhoncus dui vel sem. Sed sagittis.', 0,
        'http://dummyimage.com/234x100.png/5fa2dd/ffffff', 0, 1911, '9/8/2021',
        '6bfbe553b71e94f1ee768826bb14e94d0ae9bf1d', 'Lorythaixoides concolor'),
       (181, 'Nam dui. Proin leo odio, porttitor id, consequat in, consequat ut, nulla.', 31,
        'http://dummyimage.com/110x100.png/5fa2dd/ffffff', 0, 535, '6/26/2021',
        '4af20e0dc56f8921bbb650d652cebcbc951e3a5d', 'Speotyte cuniculata'),
       (182, 'Vivamus tortor. Duis mattis egestas metus.', 0, 'http://dummyimage.com/180x100.png/dddddd/000000', 0, 444,
        '10/10/2021', '160a7f915b0fa4da8e7cebe9185d3cc857f750b7', 'Lamprotornis nitens'),
       (183,
        'Duis consequat dui nec nisi volutpat eleifend. Donec ut dolor. Morbi vel lectus in quam fringilla rhoncus.', 0,
        'http://dummyimage.com/250x100.png/dddddd/000000', 0, 3500, '4/18/2021',
        '16af5844f66bfb7f8a7ab6b570728c33d9199cd1', 'Felis concolor'),
       (184, 'Proin eu mi. Nulla ac enim.', 0, 'http://dummyimage.com/204x100.png/dddddd/000000', 0, 3231, '9/23/2021',
        'ccd8beb64c52a101e321e521e111961537307b34', 'Spheniscus magellanicus'),
       (185, 'Sed accumsan felis. Ut at dolor quis odio consequat varius.', 0,
        'http://dummyimage.com/190x100.png/5fa2dd/ffffff', 0, 3485, '11/28/2021',
        '971d524a6e7d097c03c6df6f2d1e0fb175dd6823', 'Tamiasciurus hudsonicus'),
       (186, 'Etiam vel augue. Vestibulum rutrum rutrum neque. Aenean auctor gravida sem.', 0,
        'http://dummyimage.com/236x100.png/cc0000/ffffff', 0, 751, '7/12/2021',
        '1855204e8c0dde0153f57630bd7d576404e5d003', 'Corythornis cristata'),
       (187,
        'Fusce posuere felis sed lacus. Morbi sem mauris, laoreet ut, rhoncus aliquet, pulvinar sed, nisl. Nunc rhoncus dui vel sem.',
        69, 'http://dummyimage.com/128x100.png/cc0000/ffffff', 0, 3444, '11/7/2021',
        '7cce30c2bc6c33d6cab2fc456a5e3cb774eafd45', 'Aquila chrysaetos'),
       (188,
        'Integer non velit. Donec diam neque, vestibulum eget, vulputate ut, ultrices vel, augue. Vestibulum ante ipsum primis in faucibus orci luctus et ultrices posuere cubilia Curae; Donec pharetra, magna vestibulum aliquet ultrices, erat tortor sollicitudin mi, sit amet lobortis sapien sapien non mi.',
        0, 'http://dummyimage.com/155x100.png/cc0000/ffffff', 0, 142, '12/7/2021',
        '4145aa9652f946aeea838ada80553dc74905fdf6', 'Paradoxurus hermaphroditus'),
       (189, 'Aliquam non mauris. Morbi non lectus.', 0, 'http://dummyimage.com/104x100.png/cc0000/ffffff', 0, 3958,
        '12/11/2021', '1461937e8fecb8b71d8eb79f1ab88eacec618442', 'Ursus maritimus'),
       (190, 'Nam dui. Proin leo odio, porttitor id, consequat in, consequat ut, nulla.', 0,
        'http://dummyimage.com/108x100.png/ff4444/ffffff', 0, 1707, '7/20/2021',
        'c7968a1dbe641fbd6dbcd4ea3482e8f0e7dd1af5', 'Phoenicopterus chilensis'),
       (191, 'Maecenas rhoncus aliquam lacus. Morbi quis tortor id nulla ultrices aliquet.', 54,
        'http://dummyimage.com/118x100.png/ff4444/ffffff', 0, 190, '3/17/2021',
        '2948518a849a6c2cb9dc72b494a82e5898ca622c', 'Procyon cancrivorus'),
       (192,
        'Suspendisse potenti. Cras in purus eu magna vulputate luctus. Cum sociis natoque penatibus et magnis dis parturient montes, nascetur ridiculus mus.',
        0, 'http://dummyimage.com/167x100.png/ff4444/ffffff', 0, 4284, '1/11/2021',
        '282b7b0aba5e719ae6177db0a0f0e09b2dfddf45', 'Bubo virginianus'),
       (193,
        'Pellentesque ultrices mattis odio. Donec vitae nisi. Nam ultrices, libero non mattis pulvinar, nulla pede ullamcorper augue, a suscipit nulla elit ac nulla.',
        0, 'http://dummyimage.com/240x100.png/dddddd/000000', 0, 2656, '8/27/2021',
        '0e8c5193814b5d4fdfee1e1202f584fb15711b9b', 'Sula dactylatra'),
       (194, 'Fusce consequat. Nulla nisl.', 0, 'http://dummyimage.com/128x100.png/ff4444/ffffff', 0, 863, '6/29/2021',
        '3b99c849395cc2769e201e6a8161b8f73ccba231', 'Suricata suricatta'),
       (195, 'Fusce lacus purus, aliquet at, feugiat non, pretium quis, lectus. Suspendisse potenti.', 0,
        'http://dummyimage.com/135x100.png/5fa2dd/ffffff', 0, 3997, '2/6/2021',
        '8ff72a42fc6bfa50ebaa7d997752692aa9f88fcb', 'Falco mexicanus'),
       (196, 'Morbi ut odio. Cras mi pede, malesuada in, imperdiet et, commodo vulputate, justo.', 55,
        'http://dummyimage.com/206x100.png/dddddd/000000', 0, 519, '7/14/2021',
        '37f85a92cdc029bd18355ddf4e15836cbdd07da3', 'Spilogale gracilis'),
       (197,
        'Proin interdum mauris non ligula pellentesque ultrices. Phasellus id sapien in sapien iaculis congue. Vivamus metus arcu, adipiscing molestie, hendrerit at, vulputate vitae, nisl.',
        0, 'http://dummyimage.com/171x100.png/5fa2dd/ffffff', 0, 273, '12/23/2020',
        '3e48e77f1815ee234e6142a6727f2f14ba90f349', 'Pteronura brasiliensis'),
       (198,
        'Aliquam augue quam, sollicitudin vitae, consectetuer eget, rutrum at, lorem. Integer tincidunt ante vel ipsum.',
        0, 'http://dummyimage.com/174x100.png/5fa2dd/ffffff', 0, 4445, '6/5/2021',
        'bdfca30becc25c6086ea2aca03f14f8fc8d8955f', 'Ctenophorus ornatus'),
       (199, 'Nulla suscipit ligula in lacus. Curabitur at ipsum ac tellus semper interdum.', 15,
        'http://dummyimage.com/132x100.png/ff4444/ffffff', 0, 1726, '6/20/2021',
        '23515adc8643ac95139bb9acaa6e27197f703235', 'Corvus albus'),
       (200, 'Nulla suscipit ligula in lacus. Curabitur at ipsum ac tellus semper interdum.', 0,
        'http://dummyimage.com/172x100.png/5fa2dd/ffffff', 0, 923, '11/7/2021',
        '60b0fd9332a758e8b8950621019d1638f0fbaa0c', 'Spermophilus tridecemlineatus');

insert into book2author (book_id, author_id, sort_index)
values (1, 62, 0),
       (2, 63, 0),
       (3, 39, 0),
       (4, 69, 0),
       (5, 62, 0),
       (5, 88, 1),
       (6, 36, 0),
       (6, 62, 1),
       (7, 7, 0),
       (7, 62, 1),
       (7, 73, 2),
       (7, 184, 3),
       (7, 192, 4),
       (8, 23, 0),
       (8, 62, 1),
       (8, 105, 2),
       (9, 4, 0),
       (9, 62, 1),
       (10, 34, 0),
       (10, 62, 1),
       (11, 62, 0),
       (11, 84, 1),
       (12, 62, 0),
       (12, 74, 1),
       (12, 150, 2),
       (13, 95, 0),
       (13, 101, 1),
       (13, 145, 2),
       (13, 196, 3),
       (14, 45, 0),
       (14, 62, 1),
       (14, 106, 2),
       (14, 180, 3),
       (15, 66, 0),
       (16, 84, 0),
       (17, 13, 0),
       (17, 62, 1),
       (17, 167, 2),
       (18, 59, 0),
       (19, 25, 0),
       (20, 92, 0),
       (21, 62, 0),
       (22, 33, 0),
       (23, 19, 0),
       (23, 62, 1),
       (23, 199, 2),
       (24, 61, 0),
       (25, 70, 0),
       (26, 10, 0),
       (27, 22, 0),
       (28, 62, 0),
       (29, 1, 0),
       (30, 97, 0),
       (31, 47, 0),
       (32, 66, 0),
       (32, 73, 1),
       (32, 193, 2),
       (33, 2, 0),
       (34, 54, 0),
       (34, 196, 1),
       (35, 28, 0),
       (35, 62, 1),
       (35, 110, 2),
       (36, 63, 0),
       (37, 92, 0),
       (38, 63, 0),
       (38, 73, 1),
       (38, 199, 2),
       (39, 62, 0),
       (39, 117, 1),
       (40, 76, 0),
       (41, 38, 0),
       (41, 139, 1),
       (42, 64, 0),
       (43, 5, 0),
       (43, 102, 1),
       (44, 67, 0),
       (45, 29, 0),
       (46, 63, 0),
       (47, 14, 0),
       (47, 62, 1),
       (47, 200, 2),
       (48, 85, 0),
       (49, 19, 0),
       (49, 62, 1),
       (49, 156, 2),
       (50, 20, 0),
       (50, 62, 1),
       (50, 177, 2),
       (51, 72, 0),
       (51, 73, 1),
       (51, 120, 2),
       (52, 83, 0),
       (52, 141, 1),
       (53, 38, 0),
       (54, 32, 0),
       (54, 62, 1),
       (54, 173, 2),
       (55, 6, 0),
       (55, 62, 1),
       (55, 120, 2),
       (56, 90, 0),
       (57, 83, 0),
       (57, 182, 1),
       (58, 34, 0),
       (59, 12, 0),
       (60, 16, 0),
       (60, 73, 1),
       (60, 158, 2),
       (61, 89, 0),
       (62, 73, 0),
       (62, 136, 1),
       (63, 62, 0),
       (63, 73, 1),
       (63, 114, 2),
       (63, 169, 3),
       (64, 95, 0),
       (65, 33, 0),
       (65, 73, 1),
       (65, 189, 2),
       (65, 195, 3),
       (66, 82, 0),
       (67, 3, 0),
       (67, 62, 1),
       (67, 151, 2),
       (68, 54, 0),
       (69, 38, 0),
       (69, 167, 1),
       (70, 90, 0),
       (71, 55, 0),
       (72, 40, 0),
       (73, 91, 0),
       (74, 85, 0),
       (75, 77, 0),
       (76, 61, 0),
       (77, 73, 0),
       (78, 33, 0),
       (79, 62, 0),
       (80, 7, 0),
       (81, 19, 0),
       (81, 73, 1),
       (81, 125, 2),
       (82, 63, 0),
       (83, 78, 0),
       (84, 62, 0),
       (84, 67, 1),
       (84, 132, 2),
       (84, 149, 3),
       (85, 40, 0),
       (85, 116, 1),
       (86, 98, 0),
       (87, 62, 0),
       (87, 73, 1),
       (87, 113, 2),
       (88, 62, 0),
       (89, 13, 0),
       (89, 106, 1),
       (89, 172, 2),
       (90, 67, 0),
       (91, 40, 0),
       (92, 25, 0),
       (93, 94, 0),
       (94, 62, 0),
       (94, 96, 1),
       (94, 163, 2),
       (95, 47, 0),
       (96, 48, 0),
       (97, 10, 0),
       (98, 32, 0),
       (99, 1, 0),
       (100, 30, 0),
       (100, 62, 1),
       (100, 159, 2),
       (101, 65, 0),
       (102, 59, 0),
       (102, 62, 1),
       (102, 144, 2),
       (103, 23, 0),
       (103, 62, 1),
       (103, 194, 2),
       (104, 41, 0),
       (105, 36, 0),
       (105, 151, 1),
       (106, 78, 0),
       (107, 90, 0),
       (108, 67, 0),
       (109, 74, 0),
       (110, 73, 0),
       (110, 89, 1),
       (110, 103, 2),
       (111, 59, 0),
       (112, 53, 0),
       (113, 73, 0),
       (113, 89, 1),
       (113, 192, 2),
       (114, 8, 0),
       (115, 52, 0),
       (116, 22, 0),
       (117, 40, 0),
       (118, 8, 0),
       (118, 62, 1),
       (118, 188, 2),
       (119, 32, 0),
       (119, 134, 1),
       (120, 62, 0),
       (120, 64, 1),
       (120, 163, 2),
       (120, 166, 3),
       (121, 37, 0),
       (121, 170, 1),
       (122, 59, 0),
       (123, 57, 0),
       (123, 135, 1),
       (124, 12, 0),
       (125, 53, 0),
       (126, 24, 0),
       (127, 14, 0),
       (128, 2, 0),
       (128, 133, 1),
       (129, 82, 0),
       (130, 75, 0),
       (131, 62, 0),
       (131, 81, 1),
       (131, 182, 2),
       (132, 86, 0),
       (133, 8, 0),
       (133, 73, 1),
       (133, 197, 2),
       (134, 27, 0),
       (134, 158, 1),
       (135, 81, 0),
       (135, 195, 1),
       (136, 19, 0),
       (136, 164, 1),
       (137, 75, 0),
       (138, 4, 0),
       (138, 184, 1),
       (139, 88, 0),
       (140, 73, 0),
       (141, 92, 0),
       (142, 57, 0),
       (143, 35, 0),
       (143, 62, 1),
       (143, 184, 2),
       (144, 62, 0),
       (144, 90, 1),
       (144, 121, 2),
       (144, 185, 3),
       (145, 64, 0),
       (146, 91, 0),
       (147, 58, 0),
       (147, 73, 1),
       (147, 162, 2),
       (148, 44, 0),
       (148, 62, 1),
       (148, 121, 2),
       (148, 197, 3),
       (149, 78, 0),
       (150, 87, 0),
       (150, 128, 1),
       (151, 43, 0),
       (151, 62, 1),
       (151, 199, 2),
       (152, 75, 0),
       (153, 33, 0),
       (154, 35, 0),
       (154, 62, 1),
       (154, 186, 2),
       (155, 73, 0),
       (155, 79, 1),
       (155, 148, 2),
       (156, 26, 0),
       (156, 73, 1),
       (156, 165, 2),
       (157, 38, 0),
       (157, 62, 1),
       (157, 152, 2),
       (158, 7, 0),
       (158, 62, 1),
       (158, 73, 2),
       (158, 127, 3),
       (158, 182, 4),
       (159, 90, 0),
       (160, 65, 0),
       (161, 62, 0),
       (161, 96, 1),
       (161, 103, 2),
       (161, 109, 3),
       (162, 67, 0),
       (163, 13, 0),
       (164, 45, 0),
       (165, 40, 0),
       (166, 17, 0),
       (166, 62, 1),
       (166, 105, 2),
       (166, 106, 3),
       (167, 36, 0),
       (167, 62, 1),
       (167, 73, 2),
       (167, 143, 3),
       (167, 193, 4),
       (168, 75, 0),
       (168, 159, 1),
       (169, 25, 0),
       (169, 73, 1),
       (169, 176, 2),
       (170, 62, 0),
       (170, 99, 1),
       (170, 101, 2),
       (170, 141, 3),
       (171, 8, 0),
       (171, 178, 1),
       (172, 75, 0),
       (173, 2, 0),
       (173, 152, 1),
       (174, 51, 0),
       (174, 62, 1),
       (174, 73, 2),
       (174, 105, 3),
       (174, 131, 4),
       (175, 19, 0),
       (175, 186, 1),
       (176, 56, 0),
       (177, 88, 0),
       (177, 136, 1),
       (178, 73, 0),
       (179, 58, 0),
       (180, 51, 0),
       (181, 90, 0),
       (182, 4, 0),
       (183, 35, 0),
       (183, 62, 1),
       (183, 165, 2),
       (184, 8, 0),
       (185, 75, 0),
       (186, 47, 0),
       (187, 15, 0),
       (188, 88, 0),
       (189, 25, 0),
       (190, 41, 0),
       (190, 176, 1),
       (191, 7, 0),
       (191, 73, 1),
       (191, 196, 2),
       (192, 49, 0),
       (193, 41, 0),
       (194, 46, 0),
       (194, 173, 1),
       (195, 99, 0),
       (196, 22, 0),
       (197, 73, 0),
       (198, 5, 0),
       (198, 62, 1),
       (198, 106, 2),
       (198, 143, 3),
       (198, 155, 4),
       (199, 73, 0),
       (199, 93, 1),
       (199, 154, 2),
       (200, 89, 0);

insert into users (id, hash, reg_time, balance, name, email, password)
values   (47, 'c26d1c74978c61745e6e67fd0c86b65b09256282', '3/30/2021', 390, 'Baillie Winsiowiecki', 'q@q.ru', '$2a$10$XJajcTA2u2g2f/OFOi/jweMLXHIMc/blqDzKv0FBmvNL6inA33EJa');

insert into users (id, hash, reg_time, balance, name)
values (1, '7ce28692143e12cc58511053bf7f0bd85bf4fb54', '4/13/2021', 400, 'Georgie Carine'),
       (2, 'c71b6aadfb2962c7fbfd98436242d04cea4da5f1', '2/7/2021', 88, 'Clevey Cowsby'),
       (3, '057b87fbeb6f2121f33bc331e7bfbf23afbe9aec', '4/12/2021', 223, 'Meagan Fosh'),
       (4, '2d8cc6267d00ac6672bb0e409db4f13c1d6da0ea', '6/7/2021', 393, 'Terrel Krolak'),
       (5, '9ff2b92efd5c795b74ba182366f35736c563c19f', '6/5/2021', 171, 'Cesaro Padillo'),
       (6, 'a903f1b3ace7c997f029bb6a6fee2ec8188072a5', '1/12/2021', 442, 'Alyssa Panting'),
       (7, 'b53c8639728e30782e326402167c6396f46f52a4', '5/23/2021', 220, 'Garrik McGunley'),
       (8, '659afc6b1825795ff9623d60f1f8db05b4365b3c', '2/6/2021', 463, 'Casie McGrory'),
       (9, '03042b840aeaa43b0ed742f052a9e210983376e5', '4/24/2021', 334, 'Kasey Gatley'),
       (10, '8f7202aaca17777d2a5dd0edca6a46f24ce95aae', '5/28/2021', 356, 'Tiffany Clayson'),
       (11, 'bd8dc75fb58a409eef7888a3a2471a306f3e04e4', '4/15/2021', 189, 'Collette Agronski'),
       (12, 'd2120b0faf3de7ba6cb48f97394df89534106938', '2/5/2021', 367, 'Lindsay Cocher'),
       (13, '5fb10d79c883d2afdce308039e6ee2f2bcb93d4a', '4/11/2021', 160, 'Jack Connell'),
       (14, '984720beac6cbf0d37acf0fb94a113a47d0ff721', '3/1/2021', 132, 'Debbie Sketh'),
       (15, '89663b80912907c52b35bdb8c3185eae519d90c9', '1/14/2021', 477, 'Nicolette Edgler'),
       (16, '6faf76252ded6bcb6b8bf9bb7d60b6d9260f364d', '10/30/2021', 194, 'Kristofer Luparto'),
       (17, '3c217c9f693a34a9fd4286d1a736fb4312dc2b91', '11/3/2021', 132, 'Oona Barthel'),
       (18, 'f7e37f2b3063fffb17ff68e5a5615a3f528967aa', '4/3/2021', 325, 'Richy Kelshaw'),
       (19, '3d01f829862af6dae55871d6168db2eb92d68622', '4/12/2021', 74, 'Dona Sewall'),
       (20, '810b14cebd6e51c60a3691cd165c11ca12115b0a', '4/5/2021', 284, 'Petronille Swateridge'),
       (21, '0b3fedb85dee60e7855ddd1c83b850c1597f82fd', '12/5/2021', 492, 'Steffi Ivory'),
       (22, '29f68a0baab48c55474671fd405a01cbf1953b47', '7/17/2021', 362, 'Virginie Motton'),
       (23, 'f279c4a92d7ca5965a421c6b6b2a1d43cb7fc7ac', '6/15/2021', 406, 'Lorette Micka'),
       (24, 'a045f28acf54abbb17de3c0496279e6057b30dc6', '7/21/2021', 321, 'Derby Gingedale'),
       (25, '7c48b2c137f163dfebd676feea1e8b811a66e17e', '1/10/2021', 430, 'Mariana Arrundale'),
       (26, '8356662aa7462b3aca984f134d5e5170314ed40b', '3/19/2021', 185, 'Peria Braker'),
       (27, 'b5771e4b8f8d032cc8e42ab0a868a58e5dd730ee', '8/28/2021', 478, 'Nial Bricham'),
       (28, '1a1bfb4bd42cff35ebda8663f508a6487ced3e71', '3/10/2021', 200, 'Roch Berridge'),
       (29, '52e2d498b45336a1afdfc8d0ce7b381afab2b23b', '1/2/2021', 468, 'Mercy Southam'),
       (30, 'e4ca0b74f2198a8b1acb08fe4488f9e70841da75', '6/8/2021', 392, 'Gennie Durban'),
       (31, 'ccc0dd5405dfd38e677e04d24fff764980c7ee5d', '5/23/2021', 97, 'Marley Levesque'),
       (32, '6b2eb2b156b7504e098b5911b45779eb20de57d4', '1/25/2021', 93, 'Zonda Wollacott'),
       (33, 'ee3e90c2a82afd8f9e31bf29857f21ae928e44ef', '8/10/2021', 324, 'Munroe Caldecutt'),
       (34, 'bf4116e47be1b4341130d9058fadc56edbcfba94', '6/13/2021', 341, 'Burr Thorsen'),
       (35, '98f0f5daa834ed29e2856ce7bccb7be77ffc998d', '4/28/2021', 358, 'Cynthy Glyssanne'),
       (36, 'd05f26f804f44fc6a736d686e5f7e02eac4a49e1', '1/23/2021', 133, 'Frank Tregunnah'),
       (37, '358d8cb851e0dc03c03c6bb7c89a231bf70db479', '6/16/2021', 19, 'Luther Cuxon'),
       (38, '5ebbb2dc540e358c4629bb9d315ef0d1dbf6b7ce', '8/16/2021', 471, 'Warren Schops'),
       (39, 'eb859a53197b96875dde425ac7e3c7e3cc0e044f', '11/17/2021', 465, 'D''arcy Peacey'),
       (40, 'fc4a35bf2e48f39837e46bdc837eaa03269294b3', '8/2/2021', 275, 'Ossie Shooter'),
       (41, '038cabc32ea6bd4ca9df9e99dd24c8efc98f92d3', '7/22/2021', 476, 'Sergeant Huyhton'),
       (42, '7cfe3e593d931e168146b4d604ba6f27bae2522b', '1/16/2021', 366, 'Fedora Kyneton'),
       (43, 'bc9349c3906c7b4aaf2d9f51517693dcc2eb210a', '1/18/2021', 149, 'Ramsey Raymond'),
       (44, '9a88276500a55051ab87e2691156c53872f6fa65', '1/18/2021', 13, 'Toiboid Furlong'),
       (45, '5bf46e1e054ab7e1138b2959aadd3d0046360f5e', '2/9/2021', 235, 'Fredia Tuther'),
       (46, '1cd122e5ec4c2f67a38e6a136a897de996296401', '8/11/2021', 338, 'Myra Faulo'),
       (48, '1a83ce0cb1905d45446dc71ec0f81557fe4f4595', '3/20/2021', 398, 'Krystyna Crossley'),
       (49, '08cec6ff9ff93428f2f1875ddc424532848d8da3', '4/1/2021', 375, 'Estel Maddra'),
       (50, '54e44f9e4767f0f4d6f991208c9bb32eceea3969', '2/17/2021', 225, 'Keir Mounch'),
       (51, '5feb9261a2a646b0504c0ddf4e0a32400febab4f', '1/3/2021', 339, 'Eldin Pound'),
       (52, '56bf49917279020eefd033817fdd5a75ab5410a8', '6/22/2021', 451, 'Sofia Dukesbury'),
       (53, 'b4c44037b4a9b2c6a2d298b416fbad76eaf19f4c', '6/16/2021', 454, 'June Eleshenar'),
       (54, 'c49149e734388fe0417357c5237a1257545f50f3', '4/3/2021', 228, 'Neda Wattinham'),
       (55, '4b8296c70922be6f109b1e411c9c46fecbc494b3', '1/29/2021', 422, 'Gregor Mouncher'),
       (56, '472b11280bc7a49f3258b67c2a10af72b38ff565', '4/14/2021', 225, 'Krissie Bentame'),
       (57, '20580bb104a42479778b546a6543f6638edceef0', '3/22/2021', 457, 'Monah Dallimore'),
       (58, 'a1fa9520f4dd2987437bd2d84b43d1b19153afd7', '7/16/2021', 197, 'Jeddy Benko'),
       (59, '9113e8e3893b748686fbc8c23bebb785b8af86ee', '1/27/2021', 429, 'Georgina Stroband'),
       (60, '555170317fb6cee1966869b21c9c92e2b8ba6dfc', '1/13/2021', 289, 'Gregoire Hooban'),
       (61, '091a7414a2fba93c510ed0242b2f84b03908869a', '9/28/2021', 168, 'Reginauld Paddle'),
       (62, '0fe26a2f3e8206e8de746810d42beab75bcf843a', '11/16/2021', 212, 'Sly Permain'),
       (63, '7c13ee76d4cc9025e38c198a9e684045c65a8c89', '2/6/2021', 314, 'Georgette Iliff'),
       (64, 'fe835ad1b84e4ad013abe1b5fa5b6204b003b9b2', '6/6/2021', 362, 'Cordi Lacelett'),
       (65, 'e1cd3e9c16db2f2fe2c68ade87b971985ae6b354', '6/9/2021', 333, 'Claire Husband'),
       (66, '4067c1b139de47b7e6c6782ab56cbc768e8499b3', '4/24/2021', 79, 'Florance Normanville'),
       (67, '377461ca1478b4422bea439bbff59353e30070f8', '2/19/2021', 89, 'Claudie Dumbrill'),
       (68, '5b5888f08cd084e7176efff6c96f2037f7b0444e', '6/5/2021', 266, 'Geno Dow'),
       (69, 'd09a30f3cf2f87cc93adaa59f9ab3a6f58fc147e', '12/10/2021', 130, 'Eleonora Farguhar'),
       (70, '594848ff03056e15fd0307b31912060946a7ce3b', '1/30/2021', 209, 'Lizbeth Ainslie'),
       (71, 'ee9c613509b1efad31fb4c445e8fb0928311bb29', '9/27/2021', 192, 'Vivyanne Bohan'),
       (72, '9d5dbe25b64ff3a18d20a375a418b8623f3b5489', '6/9/2021', 271, 'Raoul Towne'),
       (73, 'b1a9e91e6c0e00dcc6d7a763132d03419999d8c6', '3/3/2021', 209, 'Bernardina Spoole'),
       (74, '3ecd724e6634c34637880129ee1461367a3f9f04', '8/2/2021', 75, 'Demetre Lysons'),
       (75, 'd45749243ce8ede5a2e58580e77b3d14dfd65278', '10/2/2021', 77, 'Shannon Millmoe'),
       (76, 'c958b044a0d20ab15f3b743a871083ba455f0f7b', '1/3/2021', 429, 'Barnie Overill'),
       (77, '181825c41eaa805f0c3f1bb1e20be109ab81c3d1', '2/20/2021', 150, 'Bartel Gauld'),
       (78, '793f7134b7c2be3c3e95b7de744cfc8572b7e2d2', '12/11/2021', 291, 'Harrie Duplock'),
       (79, '61c6e628f2e337481831ca49dfc70bf16a207a6d', '12/27/2020', 247, 'Dimitry Camp'),
       (80, '608e2bd84009b0b878e52a279bbfac4af7b770c9', '9/9/2021', 337, 'Adey Ronchetti'),
       (81, '06c7dc68b81873d4a1690f2dfc6baf05221a695b', '7/14/2021', 340, 'Barnabe Womack'),
       (82, 'da201f1ee61f44ac9f6de860d6946426846f9332', '4/5/2021', 147, 'Winny Hearne'),
       (83, '35a72151954a942baa05302a4120ea08cd568a33', '8/20/2021', 145, 'Xavier Hullin'),
       (84, 'ac3662def65fb8064193da6ea896540ddea6bba4', '6/27/2021', 84, 'Noami Stoggell'),
       (85, '183d3d4f90530a9882a1761072ffbb882e52e8ca', '2/26/2021', 110, 'Casie Sewards'),
       (86, 'af3a10847f2d8dae9259c6ed90500cb7dbf1be2b', '3/27/2021', 227, 'Elenore Keenleyside'),
       (87, '793d6a908fde96fd547b52516f9697b957f0c96c', '7/29/2021', 151, 'Zeb Farthing'),
       (88, '37e1dfc03db2ca796ca4a8d03c3191c7ddef197b', '3/22/2021', 131, 'Abigale Benneyworth'),
       (89, '75e85435ad2b04b8b01b75f0e024557dfd61aebd', '1/27/2021', 237, 'Chariot Burnett'),
       (90, 'c6fb8c3cd88c37c60fbda48ae5ca1052bcef3396', '6/25/2021', 18, 'Biddie Millea'),
       (91, '86f024d377d95697026b0c240cbd5832c73388cc', '5/30/2021', 376, 'Adelice Lindenblatt'),
       (92, '4edc537945480062561e29dcd26c3186966993fb', '6/16/2021', 306, 'Kitty Nottingam'),
       (93, '7ac6a2feb1ce04dfb2f2490ab7efeec9dda16f76', '5/20/2021', 305, 'Olga Finlator'),
       (94, '0efb52fbe821553a18e17c733add3a122f63f006', '10/20/2021', 284, 'Dare Sizzey'),
       (95, '09fedd6a6bd7a1b6800773a877ae3698d33509a5', '2/19/2021', 169, 'Kakalina Cothey'),
       (96, '7ac82a75826b8dc9f7f8d6e541e9442e6a48d68e', '8/18/2021', 17, 'Ingunna De Witt'),
       (97, 'befaff8c4f9900e8c6b7299d4b669ee0989b209c', '12/15/2021', 295, 'Drud Aronovich'),
       (98, '867e2f432dddd8eaa9b4fe1687377fb93c590e16', '9/26/2021', 11, 'Lindsay Pitson'),
       (99, 'ea189d5215617b977cbf6c0477b42632c8a386b2', '3/21/2021', 299, 'Eduard Middell'),
       (100, '6611ea5dbc5904882ef37abc11c2df00d321d46f', '9/14/2021', 226, 'Vannie Owthwaite');

insert into book2user (time, type_id, book_id, user_id)
values ('2/14/2021', 3, 62, 5),
       ('11/24/2021', 2, 35, 67),
       ('10/11/2021', 1, 176, 2),
       ('1/2/2021', 2, 87, 65),
       ('6/10/2021', 2, 22, 52),
       ('4/13/2021', 1, 65, 62),
       ('4/20/2021', 2, 66, 75),
       ('3/10/2021', 3, 113, 86),
       ('9/11/2021', 1, 52, 72),
       ('12/17/2021', 3, 75, 45),
       ('5/30/2021', 1, 33, 54),
       ('8/5/2021', 1, 98, 56),
       ('10/30/2021', 1, 178, 41),
       ('2/9/2021', 1, 168, 68),
       ('4/4/2021', 3, 144, 10),
       ('10/19/2021', 2, 66, 58),
       ('5/30/2021', 3, 82, 20),
       ('6/8/2021', 2, 134, 100),
       ('1/17/2021', 1, 85, 73),
       ('2/1/2021', 1, 37, 25),
       ('8/9/2021', 1, 147, 55),
       ('12/7/2021', 2, 103, 83),
       ('11/29/2021', 1, 143, 76),
       ('3/15/2021', 2, 189, 94),
       ('6/10/2021', 3, 15, 56),
       ('2/16/2021', 1, 170, 75),
       ('7/21/2021', 3, 183, 47),
       ('5/22/2021', 1, 153, 64),
       ('1/3/2021', 3, 132, 3),
       ('4/8/2021', 2, 155, 22),
       ('2/18/2021', 2, 70, 27),
       ('1/5/2021', 2, 3, 92),
       ('7/26/2021', 1, 47, 29),
       ('11/4/2021', 3, 3, 2),
       ('2/23/2021', 3, 190, 55),
       ('12/29/2020', 2, 95, 90),
       ('5/19/2021', 3, 118, 86),
       ('12/23/2020', 1, 84, 68),
       ('12/3/2021', 1, 95, 20),
       ('8/23/2021', 1, 112, 34),
       ('1/31/2021', 1, 173, 53),
       ('2/4/2021', 2, 104, 94),
       ('10/4/2021', 1, 49, 72),
       ('4/6/2021', 3, 142, 95),
       ('11/27/2021', 1, 161, 46),
       ('4/16/2021', 2, 170, 71),
       ('11/13/2021', 2, 170, 98),
       ('9/3/2021', 1, 63, 69),
       ('6/1/2021', 2, 26, 79),
       ('5/3/2021', 1, 118, 1),
       ('12/4/2021', 3, 162, 70),
       ('6/5/2021', 3, 100, 49),
       ('3/30/2021', 3, 158, 27),
       ('9/2/2021', 1, 101, 8),
       ('4/2/2021', 1, 172, 47),
       ('10/6/2021', 1, 179, 29),
       ('10/28/2021', 1, 200, 65),
       ('9/12/2021', 2, 31, 70),
       ('5/7/2021', 2, 140, 16),
       ('10/16/2021', 1, 28, 70),
       ('6/27/2021', 3, 7, 46),
       ('10/28/2021', 1, 199, 67),
       ('8/12/2021', 3, 130, 37),
       ('12/11/2021', 3, 150, 36),
       ('5/12/2021', 1, 11, 5),
       ('7/5/2021', 2, 196, 83),
       ('4/7/2021', 2, 32, 32),
       ('9/27/2021', 1, 135, 83),
       ('2/21/2021', 3, 97, 54),
       ('3/4/2021', 3, 98, 34),
       ('5/22/2021', 1, 120, 8),
       ('11/30/2021', 3, 159, 56),
       ('10/17/2021', 2, 104, 85),
       ('3/14/2021', 3, 67, 79),
       ('12/16/2021', 1, 24, 64),
       ('6/9/2021', 2, 130, 18),
       ('8/30/2021', 1, 21, 82),
       ('2/18/2021', 3, 180, 61),
       ('8/25/2021', 1, 90, 19),
       ('8/5/2021', 2, 173, 78),
       ('8/10/2021', 1, 58, 78),
       ('4/25/2021', 3, 139, 34),
       ('5/9/2021', 1, 55, 37),
       ('12/21/2020', 2, 153, 87),
       ('9/28/2021', 1, 110, 8),
       ('11/17/2021', 2, 176, 44),
       ('8/4/2021', 3, 155, 47),
       ('2/19/2021', 1, 97, 72),
       ('1/22/2021', 2, 142, 47),
       ('2/5/2021', 2, 132, 85),
       ('10/16/2021', 1, 120, 66),
       ('2/17/2021', 3, 128, 58),
       ('5/13/2021', 1, 144, 44),
       ('11/16/2021', 3, 185, 26),
       ('12/25/2020', 1, 83, 60),
       ('3/14/2021', 1, 181, 22),
       ('4/2/2021', 2, 58, 21),
       ('4/11/2021', 1, 1, 26),
       ('7/22/2021', 3, 3, 16),
       ('6/9/2021', 3, 158, 53),
       ('5/19/2021', 1, 100, 16),
       ('1/22/2021', 2, 100, 56),
       ('2/10/2021', 2, 100, 31),
       ('9/19/2021', 2, 100, 83),
       ('1/3/2021', 3, 100, 24),
       ('6/19/2021', 1, 100, 1),
       ('6/4/2021', 1, 100, 69),
       ('3/28/2021', 1, 100, 14),
       ('3/11/2021', 3, 100, 26),
       ('6/20/2021', 2, 100, 97),
       ('8/11/2021', 2, 100, 33),
       ('12/21/2020', 2, 100, 58),
       ('6/13/2021', 1, 100, 57),
       ('1/25/2021', 2, 100, 13),
       ('5/13/2021', 2, 100, 96),
       ('5/31/2021', 2, 100, 75),
       ('6/2/2021', 3, 100, 94),
       ('9/3/2021', 3, 100, 72),
       ('11/5/2021', 3, 100, 17),
       ('8/22/2021', 2, 100, 85),
       ('12/13/2021', 1, 100, 50),
       ('12/21/2020', 1, 100, 34),
       ('11/21/2021', 1, 100, 11),
       ('4/17/2021', 3, 100, 4),
       ('8/19/2021', 3, 100, 74),
       ('2/27/2021', 2, 100, 60),
       ('7/4/2021', 1, 100, 62),
       ('5/4/2021', 1, 100, 99),
       ('3/8/2021', 1, 100, 39),
       ('8/10/2021', 2, 100, 47),
       ('10/8/2021', 2, 100, 73),
       ('12/21/2020', 3, 100, 87),
       ('10/3/2021', 2, 100, 54),
       ('12/25/2020', 2, 100, 64),
       ('2/3/2021', 1, 100, 6),
       ('6/2/2021', 3, 100, 45),
       ('3/24/2021', 2, 100, 7),
       ('6/25/2021', 1, 100, 3),
       ('5/21/2021', 1, 100, 35),
       ('10/18/2021', 2, 100, 65),
       ('1/3/2021', 1, 100, 89),
       ('6/24/2021', 3, 100, 93),
       ('10/11/2021', 1, 100, 40),
       ('8/2/2021', 1, 100, 71),
       ('7/22/2021', 1, 100, 37),
       ('5/28/2021', 2, 100, 29),
       ('10/21/2021', 3, 100, 70),
       ('6/3/2021', 2, 100, 68),
       ('12/29/2020', 2, 100, 53),
       ('1/24/2021', 3, 100, 5),
       ('10/16/2021', 2, 100, 61),
       ('8/8/2021', 2, 100, 19),
       ('3/24/2021', 3, 100, 78),
       ('10/24/2021', 2, 100, 12),
       ('5/14/2021', 2, 100, 18),
       ('5/8/2021', 3, 100, 86),
       ('5/3/2021', 3, 100, 10),
       ('12/16/2021', 1, 100, 91),
       ('9/11/2021', 2, 100, 21),
       ('8/31/2021', 1, 100, 88),
       ('6/27/2021', 3, 100, 66),
       ('8/27/2021', 2, 100, 48),
       ('2/26/2021', 1, 100, 77),
       ('7/16/2021', 1, 100, 46),
       ('11/21/2021', 1, 100, 43),
       ('2/1/2021', 2, 100, 8),
       ('5/9/2021', 3, 60, 33),
       ('6/15/2021', 1, 60, 74),
       ('7/29/2021', 3, 60, 9),
       ('10/9/2021', 2, 60, 60),
       ('1/9/2021', 3, 60, 20),
       ('12/15/2021', 1, 60, 43),
       ('10/14/2021', 3, 60, 11),
       ('10/3/2021', 3, 60, 91),
       ('10/30/2021', 2, 60, 25),
       ('10/1/2021', 3, 60, 15),
       ('10/24/2021', 3, 60, 70),
       ('11/27/2021', 1, 60, 40),
       ('7/1/2021', 2, 60, 21),
       ('7/17/2021', 1, 60, 56),
       ('7/27/2021', 3, 60, 34),
       ('12/26/2020', 3, 60, 66),
       ('9/9/2021', 1, 60, 73),
       ('11/11/2021', 3, 60, 87),
       ('11/20/2021', 3, 60, 94),
       ('1/10/2021', 1, 60, 17),
       ('5/16/2021', 3, 60, 78),
       ('6/24/2021', 2, 60, 42),
       ('11/12/2021', 2, 60, 5),
       ('1/26/2021', 2, 60, 52),
       ('4/4/2021', 1, 60, 44),
       ('12/17/2021', 2, 60, 36),
       ('5/5/2021', 2, 60, 49),
       ('5/28/2021', 1, 60, 29),
       ('11/18/2021', 1, 60, 24),
       ('7/8/2021', 3, 60, 64),
       ('5/2/2021', 2, 60, 100),
       ('10/11/2021', 1, 60, 47),
       ('1/8/2021', 3, 60, 57),
       ('6/25/2021', 1, 60, 76),
       ('12/27/2020', 2, 60, 6),
       ('10/20/2021', 1, 60, 67),
       ('12/12/2021', 1, 60, 81),
       ('12/15/2021', 3, 60, 46),
       ('9/5/2021', 3, 60, 13),
       ('5/16/2021', 3, 60, 88),
       ('5/9/2021', 1, 60, 68),
       ('4/20/2021', 3, 60, 23),
       ('4/8/2021', 3, 60, 61),
       ('6/22/2021', 3, 60, 54),
       ('10/14/2021', 3, 60, 14),
       ('4/24/2021', 3, 60, 62),
       ('9/9/2021', 1, 40, 59),
       ('11/11/2021', 1, 40, 40),
       ('2/22/2021', 3, 40, 98),
       ('4/20/2021', 2, 40, 71),
       ('11/21/2021', 3, 40, 60),
       ('7/25/2021', 3, 40, 68),
       ('11/16/2021', 1, 40, 19),
       ('5/18/2021', 1, 40, 6),
       ('10/1/2021', 1, 40, 22),
       ('3/19/2021', 1, 40, 100),
       ('7/31/2021', 3, 40, 94),
       ('2/17/2021', 1, 40, 72),
       ('7/18/2021', 1, 40, 21),
       ('7/30/2021', 1, 40, 44),
       ('4/15/2021', 3, 40, 26),
       ('10/20/2021', 1, 40, 75),
       ('4/23/2021', 1, 40, 61),
       ('5/29/2021', 3, 40, 55),
       ('3/26/2021', 1, 40, 43),
       ('7/2/2021', 2, 40, 5),
       ('5/9/2021', 3, 40, 31),
       ('12/7/2021', 3, 40, 50),
       ('2/10/2021', 1, 40, 39),
       ('7/4/2021', 1, 40, 24),
       ('10/16/2021', 1, 40, 35),
       ('5/7/2021', 2, 40, 10),
       ('9/4/2021', 2, 40, 62),
       ('10/27/2021', 1, 40, 18),
       ('8/11/2021', 2, 40, 74),
       ('12/4/2021', 3, 40, 16),
       ('7/13/2021', 2, 40, 46),
       ('1/4/2021', 1, 40, 97),
       ('10/30/2021', 1, 40, 96),
       ('1/1/2021', 3, 40, 25),
       ('9/11/2021', 3, 40, 77);

insert into book2tag (book_id, tag_id)
values (1, 29),
       (2, 30),
       (3, 44),
       (4, 9),
       (5, 6),
       (6, 48),
       (7, 22),
       (8, 21),
       (9, 37),
       (10, 16),
       (10, 6),
       (10, 4),
       (10, 8),
       (10, 10),
       (11, 14),
       (12, 48),
       (13, 35),
       (14, 43),
       (15, 9),
       (16, 38),
       (17, 13),
       (18, 41),
       (19, 5),
       (20, 20),
       (20, 6),
       (20, 4),
       (20, 8),
       (20, 10),
       (21, 40),
       (22, 17),
       (23, 26),
       (24, 31),
       (25, 22),
       (26, 34),
       (27, 3),
       (28, 41),
       (29, 28),
       (30, 19),
       (30, 6),
       (30, 4),
       (30, 8),
       (30, 10),
       (31, 40),
       (32, 25),
       (33, 23),
       (34, 40),
       (35, 13),
       (36, 33),
       (37, 44),
       (38, 5),
       (39, 1),
       (40, 21),
       (40, 6),
       (40, 4),
       (40, 8),
       (40, 10),
       (41, 32),
       (42, 30),
       (43, 16),
       (44, 38),
       (45, 43),
       (46, 48),
       (47, 2),
       (48, 44),
       (49, 1),
       (50, 22),
       (50, 6),
       (50, 4),
       (50, 8),
       (50, 10),
       (51, 10),
       (52, 31),
       (53, 5),
       (54, 30),
       (55, 34),
       (56, 14),
       (57, 18),
       (58, 24),
       (59, 45),
       (60, 10),
       (60, 6),
       (60, 4),
       (60, 8),
       (61, 40),
       (62, 44),
       (63, 38),
       (64, 40),
       (65, 37),
       (66, 7),
       (67, 41),
       (68, 16),
       (69, 42),
       (70, 41),
       (70, 6),
       (70, 4),
       (70, 8),
       (71, 15),
       (72, 39),
       (73, 32),
       (74, 1),
       (75, 21),
       (76, 30),
       (77, 27),
       (78, 45),
       (79, 8),
       (80, 22),
       (80, 6),
       (80, 4),
       (80, 8),
       (81, 14),
       (82, 39),
       (83, 26),
       (84, 39),
       (85, 2),
       (86, 26),
       (87, 48),
       (88, 7),
       (89, 39),
       (90, 45),
       (90, 6),
       (90, 4),
       (90, 8),
       (91, 32),
       (92, 31),
       (93, 25),
       (94, 42),
       (95, 14),
       (96, 42),
       (97, 46),
       (98, 37),
       (99, 48),
       (100, 6),
       (100, 4),
       (100, 8),
       (101, 27),
       (102, 21),
       (103, 47),
       (104, 13),
       (105, 8),
       (106, 10),
       (107, 21),
       (108, 1),
       (109, 39),
       (110, 30),
       (110, 6),
       (110, 4),
       (111, 45),
       (112, 8),
       (113, 39),
       (114, 3),
       (115, 10),
       (116, 4),
       (117, 12),
       (118, 11),
       (119, 45),
       (120, 25),
       (120, 6),
       (120, 4),
       (121, 48),
       (122, 21),
       (123, 10),
       (124, 46),
       (125, 7),
       (126, 22),
       (127, 20),
       (128, 31),
       (129, 7),
       (130, 39),
       (130, 6),
       (130, 4),
       (131, 1),
       (132, 35),
       (133, 48),
       (134, 15),
       (135, 25),
       (136, 33),
       (137, 16),
       (138, 32),
       (139, 21),
       (140, 25),
       (140, 6),
       (140, 4),
       (141, 30),
       (142, 5),
       (143, 17),
       (144, 30),
       (145, 44),
       (146, 21),
       (147, 25),
       (148, 46),
       (149, 3),
       (150, 41),
       (150, 6),
       (150, 4),
       (151, 29),
       (152, 3),
       (153, 1),
       (154, 4),
       (155, 8),
       (156, 45),
       (157, 24),
       (158, 6),
       (159, 20),
       (160, 21),
       (161, 18),
       (162, 18),
       (163, 18),
       (164, 38),
       (165, 2),
       (166, 13),
       (167, 44),
       (168, 47),
       (169, 10),
       (166, 6),
       (167, 6),
       (168, 6),
       (169, 6),
       (170, 45),
       (170, 6),
       (171, 22),
       (172, 3),
       (173, 32),
       (174, 43),
       (175, 24),
       (176, 36),
       (177, 32),
       (178, 22),
       (179, 24),
       (180, 43),
       (181, 36),
       (182, 15),
       (183, 10),
       (184, 27),
       (185, 3),
       (186, 11),
       (187, 42),
       (188, 29),
       (189, 7),
       (190, 39),
       (191, 36),
       (192, 13),
       (193, 16),
       (194, 34),
       (195, 26),
       (196, 14),
       (197, 13),
       (198, 16),
       (199, 42),
       (200, 48);

insert into genre (id, name, parent_id, slug)
values (1, 'Лёгкое чтение', null, 'genre1slug'),
       (2, 'Фантастика', 1, 'genre2slug'),
       (3, 'Боевики', 1, 'genre3slug'),
       (4, 'Детективы', 1, 'genre4slug'),
       (5, 'Триллер', 4, 'genre5slug'),
       (6, 'Крутой детектив', 4, 'genre6slug'),
       (7, 'Иронический детектив', 4, 'genre7slug'),
       (8, 'Про маньяков', 4, 'genre8slug'),
       (9, 'Шпионский детектив', 4, 'genre9slug'),
       (10, 'Криминальный детектив', 4, 'genre10slug'),
       (11, 'Классический детектив', 4, 'genre11slug'),
       (12, 'Политический детектив', 4, 'genre12slug'),
       (13, 'Фэнтези', 1, 'genre13slug'),
       (14, 'Романы', 1, 'genre14slug'),
       (15, 'Ужасы', 1, 'genre15slug'),
       (16, 'Приключения', 1, 'genre16slug'),
       (17, 'Серьёзное чтение', null, 'genre17slug'),
       (18, 'Биографии', 17, 'genre18slug'),
       (19, 'Деловая литература', null, 'genre19slug'),
       (20, 'Деловая литература', 19, 'genre20slug'),
       (21, 'Управление экономикой', 19, 'genre21slug'),
       (22, 'Карьера', 19, 'genre22slug'),
       (23, 'Маркетинг, PR, реклама', 19, 'genre23slug'),
       (24, 'Финансы', 19, 'genre24slug'),
       (25, 'Бизнес-справочники', 19, 'genre25slug'),
       (26, 'Личные финансы', 19, 'genre26slug'),
       (27, 'Менеджмент', 19, 'genre27slug'),
       (28, 'Зарубежная деловая литература', 19, 'genre28slug'),
       (29, 'Личная эффективность', 19, 'genre29slug'),
       (30, 'Тайм-менеджмент', 19, 'genre30slug'),
       (31, 'Малый бизнес', 19, 'genre31slug'),
       (32, 'Продажи', 19, 'genre32slug'),
       (33, 'Стартапы и создание бизнеса', 19, 'genre33slug'),
       (34, 'Корпоративная культура', 19, 'genre34slug'),
       (35, 'Банковское дело', 19, 'genre35slug'),
       (36, 'Логистика', 19, 'genre36slug'),
       (37, 'Недвижимость', 19, 'genre37slug'),
       (38, 'Интернет-бизнес', 19, 'genre38slug'),
       (39, 'Ораторское искусство / риторика', 19, 'genre39slug'),
       (40, 'Привлечение клиентов и лояльность', 19, 'genre40slug'),
       (41, 'Делопроизводство', 19, 'genre41slug'),
       (42, 'Переговоры', 19, 'genre42slug'),
       (43, 'Государственное и муниципальное управление, политическое управление', 19, 'genre43slug'),
       (44, 'О бизнесе популярно', 19, 'genre44slug'),
       (45, 'Ценные бумаги / инвестиции', 19, 'genre45slug'),
       (46, 'Бухучет / налогообложение / аудит', 19, 'genre46slug'),
       (47, 'Российская практика', 19, 'genre47slug'),
       (48, 'Истории успеха', 19, 'genre48slug'),
       (49, 'Интернет-маркетинг', 19, 'genre49slug'),
       (50, 'Лидерство', 19, 'genre50slug'),
       (51, 'Проектный менеджмент', 19, 'genre51slug'),
       (52, 'Управление качеством', 19, 'genre52slug'),
       (53, 'Финансовый менеджмент', 19, 'genre53slug'),
       (54, 'Управление персоналом', 19, 'genre54slug'),
       (55, 'Бизнес-процессы', 19, 'genre55slug'),
       (56, 'Управление бизнесом', 19, 'genre56slug'),
       (57, 'Драматургия', null, 'genre57slug'),
       (58, 'Античная драма', 57, 'genre58slug'),
       (59, 'Комедия', 57, 'genre59slug'),
       (60, 'Сценарий', 57, 'genre60slug'),
       (61, 'Драма, пьеса', 57, 'genre61slug');

insert into book2genre (book_id, genre_id)
values (1, 39),
       (2, 27),
       (3, 44),
       (4, 4),
       (5, 18),
       (6, 3),
       (7, 50),
       (8, 38),
       (9, 30),
       (10, 2),
       (11, 51),
       (12, 32),
       (13, 5),
       (14, 39),
       (15, 14),
       (16, 50),
       (17, 19),
       (18, 40),
       (19, 1),
       (20, 44),
       (21, 17),
       (22, 5),
       (23, 52),
       (24, 23),
       (25, 47),
       (26, 9),
       (27, 57),
       (28, 2),
       (29, 17),
       (30, 51),
       (31, 23),
       (32, 34),
       (33, 19),
       (34, 24),
       (35, 55),
       (36, 6),
       (37, 45),
       (38, 19),
       (39, 27),
       (40, 9),
       (41, 14),
       (42, 22),
       (43, 51),
       (44, 42),
       (45, 17),
       (46, 55),
       (47, 22),
       (48, 45),
       (49, 34),
       (50, 13),
       (51, 14),
       (52, 36),
       (53, 27),
       (54, 13),
       (55, 37),
       (56, 29),
       (57, 5),
       (58, 27),
       (59, 43),
       (60, 11),
       (61, 11),
       (62, 7),
       (63, 53),
       (64, 2),
       (65, 21),
       (66, 27),
       (67, 56),
       (68, 46),
       (69, 47),
       (70, 27),
       (71, 48),
       (72, 43),
       (73, 11),
       (74, 55),
       (75, 49),
       (76, 4),
       (77, 1),
       (78, 11),
       (79, 2),
       (80, 54),
       (81, 42),
       (82, 20),
       (83, 42),
       (84, 19),
       (85, 23),
       (86, 3),
       (87, 24),
       (88, 49),
       (89, 41),
       (90, 1),
       (91, 14),
       (92, 39),
       (93, 11),
       (94, 12),
       (95, 57),
       (96, 43),
       (97, 8),
       (98, 3),
       (99, 23),
       (100, 12),
       (101, 42),
       (102, 4),
       (103, 18),
       (104, 36),
       (105, 3),
       (106, 8),
       (107, 17),
       (108, 14),
       (109, 31),
       (110, 46),
       (111, 35),
       (112, 10),
       (113, 22),
       (114, 45),
       (115, 30),
       (116, 18),
       (117, 32),
       (118, 53),
       (119, 11),
       (120, 9),
       (121, 35),
       (122, 38),
       (123, 21),
       (124, 43),
       (125, 18),
       (126, 41),
       (127, 43),
       (128, 6),
       (129, 40),
       (130, 3),
       (131, 59),
       (132, 49),
       (133, 24),
       (134, 47),
       (135, 22),
       (136, 51),
       (137, 5),
       (138, 46),
       (139, 52),
       (140, 49),
       (141, 50),
       (142, 18),
       (143, 27),
       (144, 55),
       (145, 55),
       (146, 32),
       (147, 2),
       (148, 24),
       (149, 30),
       (150, 35),
       (151, 3),
       (152, 60),
       (153, 61),
       (154, 43),
       (155, 39),
       (156, 58),
       (157, 25),
       (158, 61),
       (159, 34),
       (160, 48),
       (161, 8),
       (162, 38),
       (163, 39),
       (164, 31),
       (165, 24),
       (166, 25),
       (167, 24),
       (168, 26),
       (169, 13),
       (170, 25),
       (171, 12),
       (172, 38),
       (173, 33),
       (174, 28),
       (175, 22),
       (176, 23),
       (177, 48),
       (178, 52),
       (179, 33),
       (180, 8),
       (181, 8),
       (182, 39),
       (183, 15),
       (184, 41),
       (185, 26),
       (186, 26),
       (187, 44),
       (188, 41),
       (189, 32),
       (190, 13),
       (191, 36),
       (192, 59),
       (193, 11),
       (194, 31),
       (195, 54),
       (196, 55),
       (197, 25),
       (198, 19),
       (199, 19),
       (200, 6),
       (1, 7),
       (2, 4),
       (3, 8),
       (4, 8),
       (5, 6),
       (6, 6),
       (7, 8),
       (8, 12),
       (9, 12),
       (10, 7),
       (11, 7),
       (12, 9),
       (13, 10),
       (14, 11),
       (15, 10),
       (16, 12),
       (17, 6),
       (18, 6),
       (19, 10),
       (20, 4),
       (21, 4),
       (22, 7),
       (23, 6),
       (24, 10),
       (25, 9),
       (26, 4),
       (27, 4),
       (28, 10),
       (29, 11),
       (30, 12),
       (31, 12),
       (32, 12),
       (33, 4),
       (34, 5),
       (35, 8),
       (36, 12),
       (37, 12),
       (38, 9),
       (39, 8),
       (40, 12),
       (41, 7),
       (42, 11),
       (43, 10),
       (44, 12),
       (45, 12),
       (46, 7),
       (47, 6),
       (48, 9),
       (49, 12),
       (50, 1),
       (51, 3),
       (52, 2),
       (53, 2),
       (54, 2),
       (55, 2),
       (56, 3),
       (57, 2),
       (58, 2),
       (59, 3),
       (60, 3),
       (61, 2),
       (62, 3),
       (63, 1),
       (64, 1),
       (65, 2),
       (66, 3),
       (67, 2),
       (68, 1),
       (69, 3),
       (70, 3),
       (71, 2),
       (72, 2),
       (73, 3),
       (74, 3),
       (75, 1),
       (76, 3),
       (77, 2),
       (78, 2),
       (79, 3),
       (80, 1),
       (81, 2),
       (82, 2),
       (83, 1),
       (84, 1),
       (85, 3),
       (86, 1),
       (87, 1),
       (88, 1),
       (89, 2),
       (90, 2),
       (91, 1),
       (92, 2),
       (93, 1),
       (94, 1),
       (95, 3),
       (96, 2),
       (97, 3),
       (98, 1),
       (99, 1),
       (100, 3);

insert into book_file (id, hash, type_id, path, book_id)
values (1, '3hrtsdgh45hwdfg34s', 1, '/Choriotis_kori.pdf', 10),
       (2, '28293hyf834gr8wghf', 2, '/Choriotis_kori.epub', 10),
       (3, '2349875vyr8tyfch3w', 3, '/Choriotis_kori.fb2', 10);

insert into book_rate (book_id, user_id, rate)
values (52, 48, 1),
       (60, 88, 3),
       (132, 58, 3),
       (169, 94, 1),
       (15, 33, 3),
       (133, 10, 3),
       (70, 58, 1),
       (17, 50, 4),
       (132, 5, 5),
       (8, 75, 4),
       (149, 91, 5),
       (18, 66, 1),
       (112, 90, 4),
       (114, 93, 5),
       (118, 83, 2),
       (141, 22, 3),
       (42, 30, 4),
       (43, 84, 1),
       (134, 60, 1),
       (24, 75, 2),
       (128, 9, 1),
       (9, 24, 3),
       (106, 79, 1),
       (190, 32, 4),
       (32, 70, 3),
       (143, 99, 1),
       (98, 73, 2),
       (68, 63, 3),
       (146, 25, 4),
       (106, 99, 2),
       (194, 87, 3),
       (18, 87, 5),
       (11, 80, 1),
       (58, 59, 4),
       (140, 41, 5),
       (198, 68, 2),
       (56, 18, 3),
       (57, 59, 2),
       (36, 96, 5),
       (44, 76, 5),
       (41, 84, 5),
       (137, 89, 2),
       (164, 93, 2),
       (90, 86, 4),
       (133, 93, 5),
       (146, 22, 2),
       (58, 55, 4),
       (73, 87, 3),
       (35, 23, 4),
       (108, 99, 2),
       (154, 85, 1),
       (2, 71, 2),
       (54, 50, 1),
       (171, 1, 3),
       (146, 75, 5),
       (59, 1, 1),
       (13, 91, 5),
       (171, 90, 2),
       (1, 33, 3),
       (196, 29, 2),
       (162, 21, 1),
       (127, 56, 1),
       (196, 37, 2),
       (161, 5, 3),
       (60, 25, 3),
       (94, 82, 1),
       (82, 77, 5),
       (197, 74, 5),
       (68, 9, 1),
       (130, 29, 1),
       (62, 29, 5),
       (138, 60, 5),
       (185, 10, 5),
       (92, 92, 1),
       (151, 10, 2),
       (43, 94, 5),
       (172, 67, 1),
       (140, 94, 4),
       (90, 6, 5),
       (129, 63, 5),
       (29, 3, 5),
       (6, 82, 3),
       (146, 40, 4),
       (148, 35, 1),
       (157, 84, 1),
       (164, 6, 5),
       (76, 19, 2),
       (105, 93, 2),
       (182, 18, 5),
       (54, 40, 1),
       (157, 67, 5),
       (39, 15, 4),
       (129, 78, 2),
       (28, 37, 3),
       (136, 48, 3),
       (140, 49, 1),
       (53, 60, 1),
       (115, 3, 4),
       (149, 94, 4),
       (84, 40, 4),
       (85, 82, 4),
       (153, 27, 5),
       (180, 69, 5),
       (175, 88, 1),
       (39, 30, 5),
       (30, 63, 3),
       (168, 36, 1),
       (38, 6, 1),
       (123, 31, 2),
       (127, 17, 2),
       (76, 7, 3),
       (20, 51, 2),
       (101, 1, 1),
       (126, 76, 5),
       (58, 28, 4),
       (148, 99, 1),
       (125, 31, 4),
       (17, 42, 2),
       (70, 66, 3),
       (22, 62, 4),
       (157, 99, 4),
       (124, 50, 1),
       (68, 62, 5),
       (200, 58, 1),
       (67, 70, 4),
       (107, 93, 1),
       (55, 59, 4),
       (177, 8, 1),
       (104, 27, 2),
       (168, 27, 5),
       (27, 50, 5),
       (20, 80, 5),
       (96, 16, 1),
       (147, 62, 2),
       (91, 49, 5),
       (86, 39, 4),
       (188, 89, 4),
       (171, 15, 5),
       (191, 31, 5),
       (10, 23, 3),
       (31, 46, 5),
       (9, 53, 1),
       (97, 49, 3),
       (87, 85, 3),
       (105, 85, 1),
       (19, 83, 2),
       (183, 36, 1),
       (118, 97, 4),
       (26, 78, 3),
       (123, 10, 5),
       (200, 71, 5),
       (162, 9, 2),
       (18, 73, 1),
       (149, 60, 3),
       (60, 4, 2),
       (170, 64, 5),
       (16, 26, 5),
       (103, 73, 5),
       (103, 72, 3),
       (94, 32, 3),
       (183, 68, 2),
       (48, 45, 1),
       (6, 11, 1),
       (152, 20, 2),
       (176, 62, 4),
       (186, 9, 5),
       (181, 68, 5),
       (142, 92, 3),
       (40, 72, 5),
       (123, 97, 2),
       (44, 33, 3),
       (72, 77, 1),
       (57, 97, 2),
       (60, 66, 2),
       (68, 85, 5),
       (162, 64, 5),
       (118, 54, 5),
       (146, 15, 1),
       (3, 71, 4),
       (38, 27, 2),
       (196, 50, 5),
       (97, 94, 4),
       (40, 58, 5),
       (52, 5, 1),
       (162, 91, 5),
       (165, 71, 5),
       (48, 35, 4),
       (14, 2, 5),
       (51, 50, 4),
       (45, 13, 3),
       (171, 17, 4),
       (96, 34, 4),
       (9, 52, 5),
       (185, 59, 1),
       (48, 9, 1),
       (17, 2, 4),
       (99, 58, 2),
       (20, 74, 1),
       (194, 37, 5),
       (96, 80, 2),
       (76, 36, 4),
       (169, 77, 4),
       (58, 33, 5),
       (112, 94, 4),
       (17, 67, 2),
       (164, 83, 2),
       (95, 3, 4),
       (167, 56, 1),
       (112, 50, 4),
       (51, 27, 2),
       (94, 65, 1),
       (197, 70, 1),
       (45, 8, 2),
       (193, 6, 4),
       (77, 28, 1),
       (49, 31, 2),
       (22, 26, 5),
       (19, 14, 3),
       (158, 55, 5),
       (112, 92, 5),
       (46, 48, 5),
       (106, 87, 1),
       (5, 70, 3),
       (16, 9, 2),
       (95, 69, 4),
       (15, 36, 3),
       (26, 2, 1),
       (188, 17, 4),
       (182, 36, 3),
       (68, 10, 4),
       (59, 18, 3),
       (168, 62, 5),
       (68, 29, 3),
       (53, 21, 3),
       (96, 49, 5),
       (75, 70, 1),
       (119, 84, 1),
       (146, 85, 3),
       (73, 21, 2),
       (190, 93, 4),
       (179, 61, 5),
       (42, 45, 4),
       (27, 100, 5),
       (167, 7, 5),
       (187, 69, 5),
       (114, 78, 2),
       (150, 33, 5),
       (62, 67, 3),
       (95, 91, 1),
       (81, 39, 1),
       (27, 55, 5),
       (141, 76, 2),
       (89, 13, 4),
       (18, 65, 4),
       (150, 85, 1),
       (57, 17, 5),
       (23, 33, 3),
       (121, 11, 3),
       (93, 32, 2),
       (175, 96, 3),
       (90, 85, 1),
       (198, 22, 3),
       (74, 79, 4),
       (50, 67, 3),
       (117, 61, 1),
       (141, 29, 3),
       (142, 68, 1),
       (68, 44, 1),
       (82, 9, 4),
       (159, 74, 2),
       (149, 2, 1),
       (101, 61, 3),
       (179, 31, 5),
       (198, 7, 1),
       (27, 37, 5),
       (139, 36, 1),
       (139, 69, 2),
       (197, 86, 5),
       (25, 1, 2),
       (73, 4, 1),
       (32, 53, 2),
       (131, 60, 2),
       (168, 18, 5),
       (121, 53, 5),
       (167, 23, 3),
       (176, 43, 5),
       (39, 52, 4),
       (61, 35, 4),
       (148, 54, 1),
       (85, 74, 3),
       (86, 27, 3),
       (111, 43, 2),
       (183, 82, 2),
       (157, 43, 2),
       (134, 37, 1),
       (46, 55, 2),
       (50, 28, 2),
       (88, 87, 3),
       (110, 35, 5),
       (151, 55, 3),
       (62, 9, 1),
       (101, 80, 1),
       (118, 99, 2),
       (82, 56, 5),
       (36, 67, 1),
       (151, 28, 5),
       (7, 76, 4),
       (111, 4, 4),
       (70, 86, 2),
       (93, 59, 5),
       (100, 59, 5),
       (75, 93, 1),
       (167, 88, 4),
       (51, 67, 3),
       (167, 84, 5),
       (2, 17, 2),
       (130, 54, 3),
       (115, 46, 4),
       (116, 38, 4),
       (158, 47, 1),
       (158, 80, 5),
       (5, 38, 1),
       (189, 53, 1),
       (8, 68, 5),
       (185, 66, 5),
       (126, 3, 5),
       (164, 58, 4),
       (164, 46, 1),
       (79, 84, 2),
       (105, 91, 1),
       (132, 36, 2),
       (183, 58, 4),
       (11, 85, 1),
       (54, 8, 2),
       (51, 14, 5),
       (147, 50, 5),
       (199, 18, 4),
       (78, 37, 1),
       (138, 49, 4),
       (134, 58, 4),
       (26, 84, 4),
       (140, 64, 3),
       (169, 55, 2),
       (169, 60, 5),
       (61, 66, 5),
       (85, 63, 5),
       (58, 71, 5),
       (16, 94, 2),
       (29, 11, 5),
       (25, 66, 2),
       (44, 21, 4),
       (6, 66, 3),
       (105, 31, 3),
       (54, 21, 3),
       (8, 87, 1),
       (157, 88, 1),
       (12, 92, 1),
       (118, 8, 2),
       (60, 43, 4),
       (197, 64, 4),
       (192, 95, 5),
       (64, 69, 4),
       (42, 66, 5),
       (118, 76, 2),
       (151, 88, 3),
       (126, 38, 2),
       (180, 22, 4),
       (93, 10, 4),
       (50, 60, 3),
       (193, 40, 3),
       (68, 7, 2),
       (47, 92, 4),
       (58, 20, 2),
       (83, 79, 3),
       (51, 53, 3),
       (56, 91, 3),
       (60, 53, 4),
       (58, 43, 3),
       (93, 27, 4),
       (177, 100, 3),
       (50, 23, 5),
       (75, 10, 2),
       (32, 35, 5),
       (182, 99, 3),
       (24, 85, 4),
       (67, 32, 3),
       (161, 84, 2),
       (108, 70, 4),
       (128, 71, 5),
       (187, 70, 2),
       (97, 80, 5),
       (32, 4, 5),
       (25, 74, 5),
       (110, 52, 4),
       (186, 94, 4),
       (88, 50, 1),
       (61, 27, 3),
       (154, 95, 4),
       (140, 42, 5),
       (155, 98, 4),
       (27, 43, 2),
       (105, 59, 2),
       (162, 62, 1),
       (124, 8, 1),
       (5, 54, 5),
       (108, 21, 3),
       (63, 82, 3),
       (146, 50, 3),
       (143, 91, 1),
       (142, 69, 2),
       (162, 70, 1),
       (132, 35, 1),
       (57, 27, 3),
       (93, 66, 2),
       (22, 28, 1),
       (9, 40, 4),
       (167, 26, 2),
       (83, 49, 2),
       (116, 59, 3),
       (74, 51, 5),
       (93, 35, 3),
       (24, 61, 5),
       (37, 21, 3),
       (16, 95, 3),
       (162, 72, 1),
       (116, 88, 5),
       (28, 53, 5),
       (166, 59, 1),
       (106, 84, 5),
       (143, 100, 5),
       (190, 34, 3),
       (16, 19, 3),
       (164, 63, 2),
       (150, 6, 3),
       (14, 82, 1),
       (48, 32, 3),
       (167, 99, 1),
       (200, 75, 1),
       (32, 52, 1),
       (181, 28, 1),
       (130, 79, 5),
       (3, 30, 2),
       (98, 70, 1),
       (71, 31, 5),
       (83, 87, 1),
       (167, 96, 2),
       (192, 57, 2),
       (54, 38, 5),
       (10, 88, 5),
       (126, 10, 4),
       (61, 91, 4),
       (126, 29, 2),
       (7, 79, 4),
       (68, 33, 5),
       (12, 86, 2),
       (56, 90, 2),
       (163, 53, 5),
       (2, 93, 5),
       (139, 39, 3),
       (174, 15, 5),
       (138, 13, 1),
       (181, 41, 2),
       (92, 66, 5),
       (170, 39, 4),
       (84, 22, 1),
       (40, 56, 1),
       (127, 44, 3),
       (41, 55, 2),
       (103, 41, 3),
       (185, 36, 1),
       (29, 72, 1),
       (178, 40, 5),
       (59, 89, 2),
       (189, 87, 1),
       (65, 47, 5),
       (106, 20, 5),
       (16, 23, 3),
       (105, 2, 5),
       (188, 97, 3),
       (89, 90, 2),
       (33, 8, 2),
       (63, 35, 3),
       (43, 17, 1),
       (105, 20, 2),
       (21, 81, 2),
       (77, 58, 2),
       (26, 22, 1),
       (114, 42, 2),
       (164, 44, 2),
       (163, 71, 3),
       (32, 85, 3),
       (135, 53, 2),
       (63, 69, 4),
       (106, 45, 4),
       (91, 63, 2),
       (164, 27, 1),
       (29, 39, 4),
       (37, 87, 3),
       (53, 42, 5),
       (109, 36, 5),
       (190, 38, 5),
       (115, 85, 2),
       (101, 69, 5),
       (90, 76, 2),
       (62, 92, 5),
       (144, 68, 5),
       (177, 80, 2),
       (104, 26, 3),
       (75, 38, 5),
       (119, 39, 2),
       (34, 33, 3),
       (150, 79, 1),
       (86, 29, 3),
       (195, 14, 4),
       (174, 76, 5),
       (102, 1, 5),
       (53, 86, 1),
       (115, 32, 3),
       (84, 2, 3),
       (200, 67, 2),
       (83, 81, 5),
       (162, 46, 3),
       (126, 40, 1),
       (88, 60, 2),
       (42, 79, 5),
       (165, 18, 1),
       (76, 75, 2),
       (142, 85, 2),
       (47, 94, 1),
       (174, 96, 4),
       (149, 69, 3),
       (111, 92, 1),
       (105, 33, 3),
       (46, 50, 4),
       (190, 31, 2),
       (73, 17, 1),
       (81, 53, 2),
       (139, 34, 3),
       (180, 11, 1),
       (156, 11, 4),
       (177, 86, 4),
       (162, 7, 1),
       (78, 47, 1),
       (165, 86, 3),
       (166, 12, 2),
       (110, 23, 3),
       (35, 12, 3),
       (198, 79, 1),
       (154, 7, 2),
       (173, 71, 2),
       (169, 64, 2),
       (23, 79, 5),
       (111, 23, 2),
       (93, 72, 1),
       (144, 38, 4),
       (129, 3, 5),
       (71, 99, 5),
       (17, 61, 4),
       (58, 10, 1),
       (104, 70, 1),
       (195, 29, 4),
       (125, 43, 2),
       (119, 41, 2),
       (48, 19, 4),
       (145, 99, 1),
       (118, 4, 5),
       (31, 95, 4),
       (79, 65, 5),
       (108, 37, 5),
       (22, 39, 2),
       (5, 41, 5),
       (61, 20, 3),
       (147, 18, 3),
       (101, 30, 4),
       (117, 29, 3),
       (173, 70, 1),
       (65, 40, 2),
       (122, 86, 5),
       (13, 92, 2),
       (190, 48, 2),
       (86, 54, 5),
       (111, 99, 4),
       (110, 78, 3),
       (199, 93, 5),
       (23, 68, 5),
       (141, 96, 1),
       (82, 8, 1),
       (111, 88, 1),
       (63, 100, 4),
       (69, 3, 4),
       (82, 35, 5),
       (41, 5, 5),
       (86, 56, 4),
       (104, 35, 5),
       (88, 13, 2),
       (27, 58, 2),
       (12, 64, 5),
       (45, 37, 5),
       (151, 9, 2),
       (40, 29, 4),
       (186, 93, 2),
       (9, 98, 5),
       (64, 14, 1),
       (88, 42, 5),
       (192, 34, 5),
       (71, 97, 1),
       (132, 61, 1),
       (53, 36, 1),
       (166, 43, 1),
       (85, 38, 3),
       (105, 55, 1),
       (109, 40, 4),
       (152, 71, 1),
       (167, 25, 4),
       (194, 97, 5),
       (56, 84, 2),
       (186, 63, 2),
       (97, 5, 5),
       (32, 60, 3),
       (114, 91, 4),
       (101, 39, 4),
       (18, 63, 4),
       (145, 95, 4),
       (25, 84, 5),
       (36, 57, 4),
       (83, 99, 4),
       (88, 77, 5),
       (51, 26, 2),
       (1, 85, 4),
       (147, 69, 4),
       (161, 61, 2),
       (153, 45, 2),
       (62, 93, 3),
       (10, 49, 4),
       (183, 65, 3),
       (79, 87, 3),
       (34, 88, 4),
       (146, 18, 1),
       (27, 47, 3),
       (80, 33, 5),
       (12, 2, 3),
       (41, 48, 2),
       (136, 1, 3),
       (174, 85, 2),
       (122, 22, 3),
       (110, 58, 4),
       (180, 77, 1),
       (175, 10, 5),
       (142, 52, 3),
       (174, 39, 4),
       (103, 71, 2),
       (172, 80, 1),
       (190, 78, 3),
       (67, 39, 1),
       (57, 86, 2),
       (40, 38, 4),
       (102, 75, 2),
       (121, 35, 1),
       (68, 84, 5),
       (140, 16, 3),
       (87, 1, 5),
       (120, 99, 3),
       (70, 42, 2),
       (146, 10, 3),
       (5, 73, 2),
       (198, 43, 5),
       (73, 67, 1),
       (40, 15, 3),
       (68, 71, 3),
       (77, 94, 4),
       (17, 37, 1),
       (58, 51, 4),
       (29, 55, 4),
       (97, 40, 5),
       (109, 50, 4),
       (111, 45, 3),
       (86, 71, 3),
       (14, 8, 3),
       (134, 90, 5),
       (22, 60, 3),
       (62, 27, 1),
       (78, 3, 3),
       (141, 41, 3),
       (100, 38, 1),
       (50, 27, 1),
       (72, 4, 2),
       (191, 73, 3),
       (193, 14, 3),
       (73, 48, 1),
       (130, 10, 2),
       (188, 83, 3),
       (38, 47, 1),
       (130, 4, 4),
       (20, 1, 3),
       (50, 88, 3),
       (168, 61, 5),
       (105, 4, 4),
       (190, 97, 1),
       (30, 26, 1),
       (186, 76, 3),
       (91, 38, 3),
       (152, 18, 2),
       (125, 21, 1),
       (73, 25, 2),
       (197, 50, 5),
       (159, 23, 4),
       (10, 72, 1),
       (53, 8, 3),
       (50, 78, 1),
       (146, 47, 1),
       (61, 44, 5),
       (189, 74, 1),
       (185, 60, 3),
       (182, 71, 3),
       (13, 55, 4),
       (128, 20, 1),
       (23, 83, 1),
       (158, 41, 1),
       (103, 42, 2),
       (82, 27, 4),
       (164, 30, 4),
       (95, 18, 3),
       (26, 62, 4),
       (199, 72, 3),
       (177, 99, 2),
       (34, 100, 5),
       (197, 81, 5),
       (105, 58, 1),
       (166, 53, 5),
       (160, 86, 2),
       (145, 66, 1),
       (89, 16, 3),
       (125, 72, 5),
       (94, 45, 1),
       (60, 51, 2),
       (125, 95, 3),
       (129, 53, 3),
       (189, 42, 1),
       (101, 47, 4),
       (132, 56, 3),
       (104, 88, 5),
       (96, 86, 2),
       (79, 67, 4),
       (72, 34, 3),
       (20, 31, 1),
       (113, 42, 5),
       (95, 20, 5),
       (165, 84, 2),
       (161, 40, 1),
       (142, 87, 5),
       (72, 95, 5),
       (109, 16, 4),
       (17, 53, 4),
       (44, 44, 2),
       (67, 10, 5),
       (137, 80, 2),
       (5, 62, 4),
       (179, 10, 2),
       (117, 69, 1),
       (114, 46, 3),
       (155, 99, 4),
       (65, 29, 4),
       (1, 7, 2),
       (81, 23, 3),
       (159, 19, 4),
       (118, 55, 2),
       (50, 1, 5),
       (95, 28, 5),
       (36, 69, 2),
       (18, 31, 4),
       (147, 10, 3),
       (38, 21, 4),
       (165, 7, 3),
       (198, 65, 4),
       (81, 55, 1),
       (149, 15, 5),
       (52, 8, 1),
       (110, 76, 3),
       (132, 71, 4),
       (76, 23, 1),
       (66, 45, 4),
       (104, 98, 5),
       (40, 80, 2),
       (75, 14, 5),
       (29, 81, 5),
       (50, 96, 3),
       (126, 39, 2),
       (32, 50, 5),
       (70, 21, 5),
       (36, 63, 5),
       (111, 91, 5),
       (153, 14, 1),
       (106, 53, 5),
       (66, 58, 1),
       (80, 43, 3),
       (36, 61, 1),
       (24, 45, 5),
       (37, 92, 4),
       (179, 70, 2),
       (164, 10, 5),
       (74, 33, 4),
       (134, 95, 4),
       (133, 51, 2),
       (6, 12, 4),
       (129, 34, 1),
       (83, 46, 4),
       (155, 2, 2),
       (164, 78, 1),
       (108, 95, 4),
       (38, 32, 3),
       (90, 26, 5),
       (133, 62, 4),
       (150, 81, 4),
       (169, 2, 4),
       (128, 19, 3),
       (161, 27, 1),
       (116, 32, 3),
       (74, 84, 4),
       (1, 90, 5),
       (167, 8, 4),
       (41, 24, 2),
       (137, 21, 3),
       (36, 24, 1),
       (62, 91, 4),
       (61, 18, 3),
       (73, 14, 5),
       (35, 63, 2),
       (51, 69, 1),
       (16, 31, 1),
       (41, 41, 3),
       (118, 10, 5),
       (79, 11, 4),
       (61, 84, 3),
       (117, 53, 3),
       (196, 87, 2),
       (47, 56, 4),
       (20, 70, 4),
       (62, 97, 1),
       (93, 56, 2),
       (13, 80, 4),
       (81, 28, 3),
       (40, 52, 1),
       (80, 30, 4),
       (171, 5, 1),
       (26, 67, 5),
       (28, 29, 1),
       (145, 16, 5),
       (127, 37, 1),
       (65, 81, 5),
       (158, 4, 5),
       (90, 73, 4),
       (183, 84, 5),
       (156, 85, 4),
       (115, 36, 2),
       (104, 99, 3),
       (125, 14, 3),
       (25, 39, 4),
       (44, 8, 1),
       (22, 48, 3),
       (56, 4, 5),
       (95, 8, 2),
       (147, 4, 1),
       (198, 42, 5),
       (108, 34, 4),
       (101, 90, 4),
       (120, 39, 5),
       (25, 43, 3),
       (111, 26, 3),
       (183, 95, 4),
       (26, 63, 3),
       (194, 32, 2),
       (67, 20, 1),
       (95, 13, 5),
       (105, 11, 5),
       (189, 82, 1),
       (8, 36, 2),
       (55, 9, 2),
       (23, 69, 2),
       (60, 1, 2),
       (161, 2, 1),
       (73, 45, 3),
       (174, 87, 1),
       (32, 76, 1),
       (135, 17, 1),
       (161, 52, 2),
       (58, 35, 4),
       (141, 12, 2),
       (170, 81, 4),
       (68, 98, 1),
       (153, 20, 2),
       (108, 3, 2),
       (81, 36, 2),
       (131, 83, 4),
       (33, 56, 3),
       (132, 10, 3),
       (178, 37, 5),
       (29, 14, 2),
       (174, 46, 5),
       (123, 19, 3),
       (66, 15, 5),
       (161, 56, 5),
       (87, 44, 3),
       (41, 18, 4),
       (179, 18, 5),
       (73, 46, 1),
       (194, 47, 4),
       (67, 85, 4),
       (53, 46, 1),
       (103, 91, 4),
       (2, 92, 5),
       (83, 96, 4),
       (188, 64, 3),
       (102, 33, 1),
       (34, 39, 1),
       (35, 90, 2),
       (141, 31, 1),
       (63, 29, 3),
       (187, 97, 1),
       (61, 95, 1),
       (64, 90, 1),
       (74, 72, 5),
       (117, 30, 1),
       (163, 20, 5),
       (151, 98, 1),
       (96, 31, 2),
       (26, 58, 5),
       (117, 20, 5),
       (14, 98, 1),
       (79, 5, 4),
       (43, 99, 5),
       (159, 17, 5),
       (44, 25, 3),
       (172, 69, 4),
       (122, 91, 4),
       (66, 77, 3),
       (67, 50, 2),
       (117, 68, 5),
       (193, 71, 4),
       (75, 53, 4),
       (145, 12, 5),
       (114, 82, 3),
       (28, 13, 1),
       (39, 57, 1),
       (57, 44, 2),
       (40, 22, 1),
       (153, 89, 5),
       (90, 17, 1),
       (129, 41, 1),
       (150, 23, 2),
       (38, 19, 4),
       (7, 11, 3),
       (112, 5, 4),
       (45, 7, 1),
       (198, 97, 2),
       (65, 84, 4),
       (110, 98, 4),
       (81, 47, 2),
       (55, 38, 1),
       (87, 34, 1),
       (110, 64, 1),
       (79, 9, 3),
       (93, 55, 4),
       (49, 88, 1),
       (103, 9, 3),
       (189, 23, 1),
       (52, 49, 1),
       (43, 87, 2),
       (88, 47, 1),
       (76, 38, 3),
       (74, 89, 1),
       (112, 4, 4),
       (98, 96, 4),
       (79, 37, 2),
       (100, 37, 5),
       (41, 38, 4),
       (56, 75, 4),
       (164, 12, 2),
       (37, 28, 4),
       (170, 16, 2),
       (146, 11, 4),
       (63, 81, 4),
       (192, 37, 3),
       (124, 43, 5),
       (157, 89, 1),
       (1, 28, 4),
       (6, 98, 1),
       (149, 68, 3),
       (33, 39, 3),
       (7, 57, 3),
       (182, 34, 5),
       (127, 33, 2),
       (37, 48, 1),
       (174, 4, 2),
       (61, 71, 2),
       (184, 97, 4),
       (162, 10, 3),
       (182, 65, 2),
       (41, 50, 3),
       (183, 60, 5),
       (113, 71, 2),
       (200, 62, 5),
       (32, 39, 2),
       (55, 47, 2),
       (18, 15, 3),
       (168, 55, 2),
       (162, 51, 3),
       (63, 38, 4),
       (2, 20, 5),
       (78, 7, 4),
       (187, 91, 1),
       (85, 11, 4),
       (36, 42, 1),
       (192, 2, 5),
       (60, 42, 4),
       (13, 3, 3),
       (167, 45, 5),
       (166, 70, 2),
       (97, 75, 2),
       (12, 13, 5),
       (198, 66, 5),
       (108, 53, 2),
       (16, 47, 2),
       (134, 10, 2),
       (148, 69, 3),
       (189, 98, 3),
       (14, 48, 4),
       (34, 19, 5),
       (147, 84, 2),
       (175, 78, 3),
       (54, 78, 2),
       (128, 97, 4),
       (37, 11, 4),
       (140, 13, 4),
       (65, 9, 5),
       (46, 93, 3),
       (181, 33, 1),
       (101, 60, 5),
       (98, 77, 3),
       (54, 26, 1),
       (119, 5, 1),
       (101, 15, 5),
       (176, 18, 4),
       (112, 62, 3),
       (55, 54, 4),
       (139, 55, 3),
       (157, 44, 2),
       (21, 12, 1),
       (191, 92, 1),
       (68, 12, 1),
       (88, 11, 2),
       (101, 11, 5),
       (17, 58, 4),
       (60, 14, 1),
       (60, 18, 1),
       (191, 25, 4),
       (90, 63, 3),
       (134, 54, 1),
       (160, 73, 4),
       (17, 12, 4),
       (142, 67, 2),
       (145, 39, 2),
       (151, 58, 5),
       (66, 20, 4),
       (127, 91, 4),
       (63, 30, 2),
       (95, 19, 3),
       (13, 87, 1),
       (130, 98, 5),
       (104, 73, 4),
       (184, 95, 1),
       (104, 93, 4),
       (54, 15, 3),
       (16, 73, 3),
       (40, 44, 4),
       (182, 92, 5),
       (141, 81, 5),
       (155, 15, 3),
       (45, 31, 4),
       (68, 48, 1),
       (173, 16, 4),
       (60, 78, 1),
       (150, 36, 1),
       (129, 66, 4),
       (94, 57, 4),
       (51, 91, 5),
       (8, 65, 5),
       (41, 96, 5),
       (15, 92, 1),
       (68, 38, 1),
       (150, 48, 2),
       (61, 64, 1),
       (85, 19, 1),
       (115, 34, 2),
       (117, 22, 5),
       (23, 47, 1),
       (170, 29, 5),
       (27, 35, 3),
       (189, 75, 4),
       (178, 3, 3),
       (9, 57, 3),
       (192, 71, 5),
       (42, 60, 4),
       (11, 45, 2),
       (195, 55, 4),
       (5, 32, 4),
       (38, 34, 4),
       (192, 97, 2),
       (43, 65, 5),
       (189, 51, 1),
       (156, 12, 1),
       (188, 16, 3),
       (108, 65, 4),
       (109, 55, 5),
       (110, 11, 2),
       (180, 19, 5),
       (36, 10, 1),
       (55, 78, 5),
       (22, 69, 5),
       (141, 75, 5),
       (47, 28, 4),
       (52, 16, 4),
       (50, 73, 3),
       (40, 55, 2),
       (75, 88, 5),
       (164, 1, 1),
       (198, 70, 3),
       (65, 33, 5),
       (197, 53, 4),
       (105, 88, 3),
       (120, 75, 3),
       (43, 20, 4),
       (97, 95, 5),
       (76, 70, 1),
       (67, 71, 2),
       (90, 5, 2),
       (106, 26, 4),
       (23, 42, 1),
       (200, 63, 5),
       (148, 83, 2),
       (154, 13, 3),
       (64, 9, 5),
       (8, 71, 4),
       (25, 14, 5),
       (75, 37, 3),
       (134, 29, 3),
       (37, 12, 3),
       (59, 83, 4),
       (141, 82, 2),
       (108, 83, 2),
       (140, 47, 1),
       (85, 72, 5),
       (114, 87, 4),
       (83, 54, 5),
       (100, 49, 1),
       (117, 76, 5),
       (13, 32, 5),
       (32, 59, 4),
       (79, 80, 3),
       (83, 72, 4),
       (49, 8, 2),
       (30, 17, 3),
       (61, 73, 2),
       (184, 44, 2),
       (151, 26, 4),
       (160, 21, 1),
       (66, 80, 4),
       (155, 67, 3),
       (17, 14, 4),
       (166, 60, 4),
       (158, 14, 5),
       (34, 69, 3),
       (43, 21, 4),
       (112, 64, 3),
       (110, 67, 3),
       (44, 92, 1),
       (20, 99, 4),
       (195, 47, 2),
       (67, 7, 2),
       (13, 85, 4),
       (189, 46, 2),
       (52, 67, 4),
       (74, 30, 5),
       (128, 89, 2),
       (3, 65, 4),
       (167, 55, 4),
       (50, 10, 4),
       (93, 11, 5),
       (57, 61, 5),
       (173, 24, 4),
       (79, 14, 1),
       (152, 47, 2),
       (121, 15, 5),
       (82, 2, 5),
       (22, 81, 5),
       (70, 85, 5),
       (79, 64, 5),
       (83, 80, 2),
       (182, 66, 5),
       (44, 22, 5),
       (100, 16, 5),
       (105, 7, 3),
       (165, 65, 4),
       (43, 33, 3),
       (117, 86, 2),
       (34, 40, 5),
       (110, 45, 4),
       (46, 42, 4),
       (152, 77, 1),
       (137, 23, 1),
       (34, 65, 5),
       (120, 21, 1),
       (57, 52, 1),
       (187, 20, 1),
       (155, 49, 1),
       (152, 4, 1),
       (102, 56, 3),
       (33, 85, 4),
       (8, 20, 2),
       (126, 13, 5),
       (41, 98, 2),
       (53, 78, 4),
       (50, 98, 3),
       (189, 16, 1),
       (196, 75, 3),
       (15, 91, 5),
       (130, 11, 2),
       (33, 29, 5),
       (186, 35, 2),
       (5, 67, 5),
       (171, 74, 3),
       (13, 68, 2),
       (48, 78, 5),
       (136, 11, 4),
       (9, 46, 1),
       (94, 96, 2),
       (175, 21, 4),
       (162, 45, 3),
       (66, 16, 5),
       (154, 97, 4),
       (64, 85, 2),
       (68, 4, 1),
       (116, 34, 3),
       (172, 95, 1),
       (191, 87, 4),
       (181, 76, 2),
       (180, 39, 5),
       (186, 71, 1),
       (78, 14, 2),
       (17, 41, 3),
       (102, 24, 3),
       (4, 65, 1),
       (81, 91, 2),
       (156, 16, 5),
       (2, 91, 3),
       (157, 27, 5),
       (195, 38, 4),
       (1, 70, 3),
       (121, 97, 4),
       (105, 78, 1),
       (190, 36, 1),
       (141, 19, 1),
       (26, 52, 5),
       (107, 65, 4),
       (20, 64, 5),
       (9, 16, 4),
       (8, 19, 4),
       (130, 55, 5),
       (99, 53, 2),
       (180, 85, 2),
       (123, 56, 2),
       (166, 76, 1),
       (82, 97, 2),
       (118, 27, 4),
       (200, 32, 4),
       (195, 66, 3),
       (61, 72, 5),
       (138, 47, 1),
       (164, 22, 4),
       (61, 54, 2),
       (12, 65, 2),
       (116, 23, 5),
       (125, 30, 1),
       (192, 44, 2),
       (134, 93, 1),
       (170, 38, 4),
       (71, 3, 3),
       (64, 71, 3),
       (181, 93, 3),
       (160, 44, 2),
       (68, 74, 3),
       (75, 13, 5),
       (38, 50, 3),
       (99, 25, 5),
       (56, 19, 3),
       (64, 70, 3),
       (185, 65, 2),
       (191, 50, 2),
       (149, 47, 3),
       (44, 80, 5),
       (124, 44, 2),
       (181, 21, 5),
       (83, 8, 2),
       (59, 55, 2),
       (49, 57, 5),
       (95, 7, 1),
       (108, 18, 1),
       (14, 7, 1),
       (1, 63, 2),
       (181, 82, 2),
       (61, 88, 3),
       (138, 93, 3),
       (13, 17, 5),
       (79, 46, 1),
       (126, 43, 3),
       (1, 16, 4),
       (49, 100, 2),
       (177, 20, 3),
       (110, 18, 3),
       (187, 11, 1),
       (170, 84, 5),
       (29, 100, 2),
       (169, 43, 1),
       (104, 56, 5),
       (164, 57, 5),
       (12, 50, 3),
       (169, 6, 3),
       (33, 47, 4),
       (47, 90, 4),
       (160, 95, 2),
       (92, 80, 3),
       (43, 88, 5),
       (133, 2, 3),
       (172, 41, 1),
       (133, 82, 4),
       (37, 24, 2),
       (20, 91, 5),
       (12, 60, 5),
       (134, 96, 4),
       (71, 12, 4),
       (3, 25, 2),
       (114, 37, 5),
       (42, 97, 4),
       (2, 55, 5),
       (26, 21, 2),
       (148, 53, 2),
       (52, 23, 4),
       (134, 84, 2),
       (16, 59, 5),
       (78, 59, 2),
       (52, 38, 2),
       (5, 47, 4),
       (22, 78, 1),
       (110, 39, 5),
       (152, 16, 4),
       (35, 91, 1),
       (121, 45, 5),
       (28, 57, 4),
       (126, 7, 4),
       (28, 82, 1),
       (30, 30, 3),
       (71, 15, 5),
       (38, 10, 4),
       (68, 95, 1),
       (59, 15, 5),
       (127, 70, 5),
       (146, 19, 3),
       (104, 51, 4),
       (160, 56, 5),
       (36, 1, 2),
       (186, 15, 2),
       (109, 24, 2),
       (36, 5, 4),
       (51, 10, 3),
       (3, 13, 1),
       (170, 15, 5),
       (74, 92, 5),
       (56, 46, 2),
       (198, 90, 1),
       (44, 27, 5),
       (156, 80, 1),
       (139, 24, 3),
       (65, 72, 2),
       (115, 8, 1),
       (113, 34, 1),
       (54, 12, 1),
       (124, 68, 5),
       (68, 93, 3),
       (95, 21, 5),
       (132, 31, 3),
       (9, 100, 2),
       (171, 23, 5),
       (125, 37, 4),
       (151, 29, 4),
       (70, 67, 3),
       (61, 25, 5),
       (22, 2, 3),
       (194, 60, 3),
       (145, 61, 1),
       (119, 8, 3),
       (195, 77, 3),
       (147, 96, 3),
       (157, 9, 5),
       (87, 28, 5),
       (19, 5, 2),
       (178, 55, 2),
       (148, 12, 4),
       (13, 86, 2),
       (64, 27, 5),
       (157, 51, 1),
       (189, 15, 3),
       (142, 10, 1),
       (47, 23, 2),
       (199, 45, 5),
       (198, 52, 1),
       (29, 90, 2),
       (160, 26, 5),
       (171, 71, 4),
       (53, 34, 2),
       (53, 14, 2),
       (74, 55, 1),
       (48, 29, 3),
       (60, 71, 5),
       (141, 90, 4),
       (143, 36, 5),
       (56, 74, 1),
       (94, 76, 5),
       (35, 2, 4),
       (172, 65, 5),
       (154, 83, 5),
       (177, 35, 4),
       (26, 39, 5),
       (177, 27, 5),
       (57, 5, 4),
       (53, 57, 2),
       (107, 55, 5),
       (17, 83, 1),
       (97, 58, 2),
       (62, 32, 3),
       (62, 88, 3),
       (68, 11, 2),
       (124, 12, 3),
       (19, 82, 3),
       (87, 6, 2),
       (133, 7, 3),
       (52, 17, 5),
       (154, 69, 4),
       (32, 38, 3),
       (85, 39, 2),
       (117, 66, 5),
       (117, 40, 2),
       (183, 66, 3),
       (70, 9, 3),
       (128, 18, 3),
       (17, 18, 2),
       (4, 99, 3),
       (171, 94, 5),
       (175, 2, 5),
       (189, 52, 3),
       (53, 79, 5),
       (87, 63, 4),
       (186, 39, 4),
       (148, 88, 4),
       (80, 82, 4),
       (183, 35, 1),
       (53, 54, 5),
       (88, 56, 5),
       (159, 5, 4),
       (52, 71, 4),
       (26, 98, 5),
       (127, 84, 4),
       (147, 29, 4),
       (80, 92, 3),
       (130, 31, 2),
       (46, 8, 1),
       (165, 56, 5),
       (60, 98, 2),
       (190, 91, 4),
       (77, 15, 4),
       (58, 6, 5),
       (96, 71, 5),
       (124, 78, 3),
       (23, 46, 5),
       (134, 41, 1),
       (131, 64, 2),
       (20, 95, 5),
       (184, 89, 1),
       (106, 29, 2),
       (14, 37, 3),
       (56, 51, 3),
       (52, 80, 2),
       (170, 22, 4),
       (67, 28, 1),
       (91, 68, 4),
       (157, 93, 4),
       (85, 44, 1),
       (181, 45, 1),
       (193, 85, 5),
       (84, 1, 3),
       (116, 91, 5),
       (143, 42, 5),
       (3, 35, 3),
       (1, 59, 4),
       (160, 83, 5),
       (82, 20, 5),
       (63, 21, 2),
       (30, 47, 1),
       (92, 84, 5),
       (69, 38, 5),
       (181, 42, 2),
       (168, 40, 2),
       (147, 91, 5),
       (32, 94, 5),
       (117, 12, 5),
       (1, 48, 5),
       (126, 100, 1),
       (170, 33, 2),
       (93, 50, 1),
       (177, 44, 1),
       (150, 20, 4),
       (93, 21, 5),
       (91, 16, 5),
       (85, 52, 5),
       (109, 44, 5),
       (193, 94, 2),
       (70, 69, 1),
       (167, 46, 4),
       (1, 13, 2),
       (132, 6, 1),
       (148, 59, 1),
       (80, 88, 3),
       (28, 65, 5),
       (38, 15, 3),
       (28, 9, 5),
       (134, 30, 5),
       (1, 83, 1),
       (91, 84, 1),
       (189, 29, 1),
       (6, 83, 4),
       (125, 53, 3),
       (188, 59, 3),
       (23, 21, 1),
       (128, 67, 2),
       (96, 99, 2),
       (123, 28, 1),
       (66, 92, 4),
       (102, 96, 3),
       (68, 89, 3),
       (193, 99, 2),
       (163, 19, 4),
       (19, 22, 1),
       (33, 43, 1),
       (176, 5, 1),
       (79, 68, 2),
       (111, 54, 5),
       (150, 46, 4),
       (181, 8, 2),
       (78, 13, 5),
       (71, 52, 4),
       (113, 52, 1),
       (43, 1, 1),
       (126, 88, 5),
       (11, 23, 2),
       (2, 85, 4),
       (168, 39, 3),
       (122, 30, 2),
       (121, 69, 1),
       (150, 55, 5),
       (65, 73, 5),
       (51, 77, 5),
       (176, 38, 1),
       (77, 76, 5),
       (176, 47, 1),
       (45, 71, 4),
       (149, 26, 3),
       (22, 77, 4),
       (26, 60, 2),
       (175, 71, 3),
       (52, 93, 3),
       (5, 50, 5),
       (164, 77, 5),
       (168, 38, 2),
       (117, 74, 5),
       (41, 11, 3),
       (88, 25, 4),
       (148, 51, 5),
       (81, 42, 1),
       (39, 2, 1),
       (161, 87, 1),
       (163, 51, 5),
       (7, 43, 3),
       (194, 71, 3),
       (147, 26, 5),
       (155, 13, 1),
       (134, 48, 5),
       (179, 41, 1),
       (51, 7, 2),
       (76, 44, 1),
       (129, 49, 1),
       (37, 60, 2),
       (135, 96, 4),
       (117, 92, 4),
       (23, 97, 5),
       (161, 76, 3),
       (6, 1, 1),
       (8, 33, 2),
       (138, 46, 3),
       (165, 12, 3),
       (119, 38, 4),
       (40, 99, 4),
       (59, 40, 2),
       (134, 27, 2),
       (84, 27, 1),
       (71, 92, 5),
       (165, 22, 5),
       (125, 66, 3),
       (35, 52, 2),
       (186, 4, 1),
       (135, 86, 1),
       (112, 97, 3),
       (82, 71, 3),
       (93, 91, 5),
       (142, 88, 5),
       (84, 64, 2),
       (109, 76, 5),
       (158, 87, 1),
       (66, 89, 4),
       (51, 30, 1),
       (160, 30, 5),
       (43, 32, 1),
       (156, 44, 3),
       (111, 80, 4),
       (149, 54, 1),
       (59, 73, 2),
       (87, 46, 2),
       (180, 63, 2),
       (12, 70, 1),
       (128, 50, 3),
       (189, 38, 2),
       (81, 96, 3),
       (119, 23, 4),
       (90, 64, 1),
       (166, 85, 3),
       (19, 93, 1),
       (171, 38, 3),
       (179, 76, 2),
       (187, 3, 3),
       (93, 25, 3),
       (47, 18, 2),
       (117, 15, 2),
       (113, 62, 1),
       (48, 57, 3),
       (36, 89, 2),
       (31, 42, 5),
       (133, 3, 3),
       (3, 41, 4),
       (123, 92, 2),
       (189, 78, 2),
       (188, 49, 3),
       (142, 53, 5),
       (170, 45, 4),
       (40, 81, 5),
       (102, 39, 1),
       (162, 8, 4),
       (106, 81, 4),
       (54, 55, 4),
       (142, 63, 3),
       (92, 87, 4),
       (160, 85, 5),
       (59, 85, 4),
       (152, 97, 5),
       (139, 16, 3),
       (58, 84, 4),
       (57, 82, 4),
       (18, 100, 2),
       (50, 79, 1),
       (25, 8, 4),
       (122, 28, 2),
       (163, 35, 4),
       (36, 59, 4),
       (50, 40, 4),
       (179, 5, 5),
       (46, 85, 5),
       (114, 57, 4),
       (47, 49, 2),
       (110, 95, 1),
       (182, 29, 1),
       (39, 20, 3),
       (27, 60, 3),
       (94, 59, 1),
       (16, 55, 5),
       (23, 40, 3),
       (112, 59, 5),
       (55, 90, 4),
       (56, 98, 5),
       (9, 92, 1),
       (126, 49, 3),
       (25, 73, 3),
       (94, 13, 3),
       (81, 22, 2),
       (163, 25, 1),
       (179, 64, 4),
       (92, 85, 4),
       (8, 77, 5),
       (175, 92, 1),
       (117, 87, 3),
       (74, 19, 2),
       (27, 31, 4),
       (5, 96, 3),
       (154, 20, 5),
       (83, 5, 2),
       (60, 37, 3),
       (95, 56, 3),
       (3, 72, 5),
       (146, 2, 1),
       (129, 8, 3),
       (130, 81, 2),
       (8, 59, 4),
       (159, 11, 3),
       (97, 24, 4),
       (195, 53, 5),
       (32, 8, 4),
       (28, 89, 1),
       (102, 77, 3),
       (45, 100, 3),
       (25, 11, 4),
       (98, 98, 1),
       (116, 65, 4),
       (102, 14, 3),
       (31, 92, 3),
       (106, 91, 2),
       (139, 50, 4),
       (76, 16, 5),
       (9, 43, 2),
       (111, 46, 4),
       (129, 33, 2),
       (36, 36, 3),
       (118, 17, 3),
       (16, 6, 2),
       (123, 18, 3),
       (119, 19, 5),
       (100, 84, 3),
       (26, 28, 1),
       (151, 15, 3),
       (67, 6, 5),
       (84, 48, 5),
       (104, 44, 2),
       (115, 53, 3),
       (141, 21, 4),
       (145, 90, 1),
       (100, 11, 4),
       (8, 51, 3),
       (83, 92, 1),
       (9, 70, 3),
       (114, 54, 4),
       (65, 16, 5),
       (98, 8, 4),
       (98, 81, 5),
       (127, 21, 2),
       (146, 24, 1),
       (11, 61, 4),
       (66, 76, 1),
       (167, 93, 5),
       (139, 76, 5),
       (8, 97, 2),
       (102, 69, 2),
       (98, 99, 2),
       (44, 29, 3),
       (77, 14, 4),
       (177, 46, 2),
       (8, 79, 3),
       (57, 62, 2),
       (75, 98, 1),
       (16, 54, 1),
       (182, 6, 1),
       (185, 62, 5),
       (81, 37, 2),
       (70, 38, 3),
       (161, 23, 5),
       (168, 72, 4),
       (130, 28, 2),
       (109, 34, 1),
       (81, 14, 5),
       (192, 92, 4),
       (10, 77, 1),
       (113, 53, 4),
       (90, 2, 5),
       (90, 36, 5),
       (38, 24, 2),
       (177, 38, 2),
       (138, 59, 2),
       (33, 20, 5),
       (44, 23, 4),
       (99, 78, 1),
       (82, 90, 2),
       (28, 42, 5),
       (88, 40, 1),
       (126, 53, 1),
       (96, 78, 2),
       (185, 5, 1),
       (197, 36, 5),
       (88, 98, 1),
       (99, 65, 2),
       (108, 6, 4),
       (59, 7, 3),
       (81, 9, 2),
       (29, 40, 2),
       (76, 73, 4),
       (193, 36, 5),
       (23, 6, 5),
       (142, 41, 4),
       (6, 30, 5),
       (116, 17, 2),
       (59, 19, 2),
       (165, 38, 4),
       (102, 58, 1),
       (75, 50, 3),
       (8, 32, 3),
       (157, 6, 3),
       (80, 70, 3),
       (56, 40, 4),
       (166, 80, 4),
       (46, 99, 3),
       (178, 47, 4),
       (25, 92, 5),
       (199, 5, 5),
       (51, 71, 1),
       (40, 78, 4),
       (187, 81, 1),
       (101, 78, 5),
       (60, 75, 3),
       (176, 79, 4),
       (7, 9, 4),
       (48, 41, 4),
       (2, 89, 2),
       (59, 21, 1),
       (171, 7, 2),
       (4, 34, 3),
       (194, 44, 1),
       (175, 42, 1),
       (40, 88, 3),
       (13, 6, 2),
       (33, 67, 4),
       (24, 71, 5),
       (138, 100, 3),
       (94, 62, 3),
       (55, 48, 2),
       (175, 25, 5),
       (143, 76, 5),
       (104, 90, 4),
       (163, 43, 4),
       (197, 95, 1),
       (31, 71, 4),
       (3, 31, 4),
       (177, 42, 5),
       (169, 75, 4),
       (152, 5, 4),
       (97, 73, 3),
       (181, 47, 5),
       (26, 30, 4),
       (162, 79, 1),
       (8, 45, 3),
       (6, 42, 4),
       (6, 90, 5),
       (40, 33, 3),
       (181, 13, 1),
       (188, 50, 4),
       (46, 23, 1),
       (188, 56, 2),
       (116, 7, 2),
       (16, 58, 1),
       (147, 52, 5),
       (37, 10, 2),
       (38, 54, 1),
       (128, 23, 2),
       (85, 42, 4),
       (131, 72, 2),
       (190, 53, 3),
       (58, 2, 4),
       (135, 3, 4),
       (182, 43, 4),
       (132, 91, 5),
       (120, 90, 1),
       (157, 81, 2),
       (28, 66, 5),
       (13, 31, 1),
       (58, 62, 2),
       (134, 19, 4),
       (168, 63, 2),
       (174, 32, 2),
       (101, 12, 5),
       (41, 53, 2),
       (186, 78, 2),
       (33, 99, 5),
       (132, 88, 4),
       (22, 59, 2),
       (116, 6, 2),
       (66, 29, 2),
       (186, 31, 4),
       (106, 42, 1),
       (60, 94, 3),
       (76, 56, 4),
       (119, 1, 5),
       (37, 43, 5),
       (22, 76, 2),
       (133, 47, 5),
       (164, 96, 2),
       (140, 73, 4),
       (176, 94, 1),
       (42, 85, 2),
       (24, 22, 1),
       (198, 27, 4),
       (147, 31, 5),
       (69, 57, 2);

insert into book_review (id, book_id, user_id, time, text)
values (1, 24, 43, '9/15/2021', 'Morbi non lectus. Aliquam sit amet diam in magna bibendum imperdiet. Nullam orci pede, venenatis non, sodales sed, tincidunt eu, felis.'),
(2, 52, 57, '4/27/2021', 'Integer aliquet, massa id lobortis convallis, tortor risus dapibus augue, vel accumsan tellus nisi eu orci. Mauris lacinia sapien quis libero. Nullam sit amet turpis elementum ligula vehicula consequat.'),
(3, 85, 21, '8/9/2021', 'Maecenas leo odio, condimentum id, luctus nec, molestie sed, justo. Pellentesque viverra pede ac diam.'),
(4, 32, 70, '2/14/2021', 'Integer a nibh. In quis justo. Maecenas rhoncus aliquam lacus.'),
(5, 98, 66, '7/30/2021', 'Nullam molestie nibh in lectus. Pellentesque at nulla. Suspendisse potenti. Cras in purus eu magna vulputate luctus. Cum sociis natoque penatibus et magnis dis parturient montes, nascetur ridiculus mus.'),
(6, 48, 35, '4/28/2021', 'Vestibulum quam sapien, varius ut, blandit non, interdum in, ante. Vestibulum ante ipsum primis in faucibus orci luctus et ultrices posuere cubilia Curae; Duis faucibus accumsan odio.'),
(7, 25, 74, '8/20/2021', 'Fusce congue, diam id ornare imperdiet, sapien urna pretium nisl, ut volutpat sapien arcu sed augue. Aliquam erat volutpat. In congue. Etiam justo.'),
(8, 25, 23, '12/30/2021', 'Suspendisse potenti. Cras in purus eu magna vulputate luctus.'),
(9, 77, 17, '8/20/2021', 'Mauris ullamcorper purus sit amet nulla. Quisque arcu libero, rutrum ac, lobortis vel, dapibus at, diam. Nam tristique tortor eu pede.'),
(10, 74, 52, '2/17/2021', 'Duis bibendum. Morbi non quam nec dui luctus rutrum. Nulla tellus. In sagittis dui vel nisl. Duis ac nibh.'),
(11, 8, 68, '4/6/2021', 'Suspendisse potenti. In eleifend quam a odio. In hac habitasse platea dictumst.'),
(12, 46, 45, '10/4/2021', 'Duis ac nibh. Fusce lacus purus, aliquet at, feugiat non, pretium quis, lectus.'),
(13, 68, 56, '6/20/2021', 'Integer ac neque. Duis bibendum. Morbi non quam nec dui luctus rutrum. Nulla tellus.'),
(14, 26, 17, '5/22/2021', 'Vestibulum ante ipsum primis in faucibus orci luctus et ultrices posuere cubilia Curae; Duis faucibus accumsan odio. Curabitur convallis. Duis consequat dui nec nisi volutpat eleifend. Donec ut dolor.'),
(15, 45, 35, '11/19/2021', 'Morbi porttitor lorem id ligula. Suspendisse ornare consequat lectus.'),
(16, 10, 61, '5/5/2021', 'Vestibulum ante ipsum primis in faucibus orci luctus et ultrices posuere cubilia Curae; Duis faucibus accumsan odio. Curabitur convallis. Duis consequat dui nec nisi volutpat eleifend.'),
(17, 1, 30, '11/6/2021', 'Maecenas ut massa quis augue luctus tincidunt. Nulla mollis molestie lorem. Quisque ut erat. Curabitur gravida nisi at nibh.'),
(18, 55, 24, '1/23/2022', 'In eleifend quam a odio. In hac habitasse platea dictumst.'),
(19, 30, 57, '10/4/2021', 'Nunc nisl. Duis bibendum, felis sed interdum venenatis, turpis enim blandit mi, in porttitor pede justo eu massa. Donec dapibus. Duis at velit eu est congue elementum.'),
(20, 37, 53, '11/27/2021', 'Etiam vel augue. Vestibulum rutrum rutrum neque. Aenean auctor gravida sem. Praesent id massa id nisl venenatis lacinia.'),
(21, 54, 22, '3/2/2021', 'Donec vitae nisi. Nam ultrices, libero non mattis pulvinar, nulla pede ullamcorper augue, a suscipit nulla elit ac nulla.'),
(22, 41, 49, '12/22/2021', 'Donec semper sapien a libero. Nam dui. Proin leo odio, porttitor id, consequat in, consequat ut, nulla. Sed accumsan felis.'),
(23, 22, 67, '3/4/2021', 'Donec odio justo, sollicitudin ut, suscipit a, feugiat et, eros. Vestibulum ac est lacinia nisi venenatis tristique.'),
(24, 10, 34, '4/10/2021', 'Proin at turpis a pede posuere nonummy. Integer non velit.'),
(25, 64, 52, '3/26/2021', 'Proin at turpis a pede posuere nonummy. Integer non velit.'),
(26, 23, 44, '12/19/2021', 'Nulla ac enim. In tempor, turpis nec euismod scelerisque, quam turpis adipiscing lorem, vitae mattis nibh ligula nec sem. Duis aliquam convallis nunc.'),
(27, 93, 23, '12/25/2021', 'Fusce congue, diam id ornare imperdiet, sapien urna pretium nisl, ut volutpat sapien arcu sed augue. Aliquam erat volutpat. In congue. Etiam justo.'),
(28, 18, 27, '10/27/2021', 'Integer non velit. Donec diam neque, vestibulum eget, vulputate ut, ultrices vel, augue. Vestibulum ante ipsum primis in faucibus orci luctus et ultrices posuere cubilia Curae; Donec pharetra, magna vestibulum aliquet ultrices, erat tortor sollicitudin mi, sit amet lobortis sapien sapien non mi. Integer ac neque.'),
(29, 43, 48, '7/15/2021', 'Aliquam augue quam, sollicitudin vitae, consectetuer eget, rutrum at, lorem. Integer tincidunt ante vel ipsum.'),
(30, 61, 27, '1/17/2022', 'Donec posuere metus vitae ipsum. Aliquam non mauris. Morbi non lectus. Aliquam sit amet diam in magna bibendum imperdiet. Nullam orci pede, venenatis non, sodales sed, tincidunt eu, felis.'),
(31, 23, 28, '6/6/2021', 'Aenean sit amet justo. Morbi ut odio. Cras mi pede, malesuada in, imperdiet et, commodo vulputate, justo. In blandit ultrices enim.'),
(32, 41, 29, '11/19/2021', 'Nulla ut erat id mauris vulputate elementum. Nullam varius. Nulla facilisi. Cras non velit nec nisi vulputate nonummy. Maecenas tincidunt lacus at velit.'),
(33, 3, 24, '9/6/2021', 'Morbi vestibulum, velit id pretium iaculis, diam erat fermentum justo, nec condimentum neque sapien placerat ante. Nulla justo. Aliquam quis turpis eget elit sodales scelerisque.'),
(34, 10, 12, '5/13/2021', 'Morbi vel lectus in quam fringilla rhoncus. Mauris enim leo, rhoncus sed, vestibulum sit amet, cursus id, turpis. Integer aliquet, massa id lobortis convallis, tortor risus dapibus augue, vel accumsan tellus nisi eu orci.'),
(35, 52, 80, '1/2/2022', 'Nulla suscipit ligula in lacus. Curabitur at ipsum ac tellus semper interdum. Mauris ullamcorper purus sit amet nulla. Quisque arcu libero, rutrum ac, lobortis vel, dapibus at, diam. Nam tristique tortor eu pede.'),
(36, 5, 54, '1/31/2021', 'Nam congue, risus semper porta volutpat, quam pede lobortis ligula, sit amet eleifend pede libero quis orci. Nullam molestie nibh in lectus. Pellentesque at nulla. Suspendisse potenti.'),
(37, 88, 63, '8/27/2021', 'Ut tellus. Nulla ut erat id mauris vulputate elementum.'),
(38, 54, 32, '5/25/2021', 'Fusce posuere felis sed lacus. Morbi sem mauris, laoreet ut, rhoncus aliquet, pulvinar sed, nisl. Nunc rhoncus dui vel sem. Sed sagittis. Nam congue, risus semper porta volutpat, quam pede lobortis ligula, sit amet eleifend pede libero quis orci.'),
(39, 73, 22, '7/31/2021', 'Nam nulla. Integer pede justo, lacinia eget, tincidunt eget, tempus vel, pede. Morbi porttitor lorem id ligula. Suspendisse ornare consequat lectus.'),
(40, 27, 18, '7/7/2021', 'Donec quis orci eget orci vehicula condimentum. Curabitur in libero ut massa volutpat convallis. Morbi odio odio, elementum eu, interdum eu, tincidunt in, leo.'),
(41, 1, 32, '10/2/2021', 'Vivamus vestibulum sagittis sapien. Cum sociis natoque penatibus et magnis dis parturient montes, nascetur ridiculus mus.'),
(42, 18, 41, '7/27/2021', 'Duis aliquam convallis nunc. Proin at turpis a pede posuere nonummy. Integer non velit. Donec diam neque, vestibulum eget, vulputate ut, ultrices vel, augue. Vestibulum ante ipsum primis in faucibus orci luctus et ultrices posuere cubilia Curae; Donec pharetra, magna vestibulum aliquet ultrices, erat tortor sollicitudin mi, sit amet lobortis sapien sapien non mi.'),
(43, 16, 78, '11/11/2021', 'Curabitur convallis. Duis consequat dui nec nisi volutpat eleifend. Donec ut dolor. Morbi vel lectus in quam fringilla rhoncus. Mauris enim leo, rhoncus sed, vestibulum sit amet, cursus id, turpis.'),
(44, 9, 19, '8/8/2021', 'Duis consequat dui nec nisi volutpat eleifend. Donec ut dolor. Morbi vel lectus in quam fringilla rhoncus. Mauris enim leo, rhoncus sed, vestibulum sit amet, cursus id, turpis.'),
(45, 14, 14, '1/29/2022', 'Aenean fermentum. Donec ut mauris eget massa tempor convallis. Nulla neque libero, convallis eget, eleifend luctus, ultricies eu, nibh. Quisque id justo sit amet sapien dignissim vestibulum. Vestibulum ante ipsum primis in faucibus orci luctus et ultrices posuere cubilia Curae; Nulla dapibus dolor vel est.'),
(46, 69, 66, '1/30/2021', 'Vestibulum sed magna at nunc commodo placerat. Praesent blandit. Nam nulla. Integer pede justo, lacinia eget, tincidunt eget, tempus vel, pede.'),
(47, 35, 61, '12/17/2021', 'Maecenas pulvinar lobortis est. Phasellus sit amet erat. Nulla tempus.'),
(48, 10, 33, '2/14/2021', 'Morbi odio odio, elementum eu, interdum eu, tincidunt in, leo. Maecenas pulvinar lobortis est. Phasellus sit amet erat. Nulla tempus. Vivamus in felis eu sapien cursus vestibulum.'),
(49, 80, 42, '6/27/2021', 'Nullam sit amet turpis elementum ligula vehicula consequat. Morbi a ipsum.'),
(50, 84, 37, '8/25/2021', 'Nullam varius. Nulla facilisi.'),
(51, 33, 48, '11/15/2021', 'Phasellus id sapien in sapien iaculis congue. Vivamus metus arcu, adipiscing molestie, hendrerit at, vulputate vitae, nisl. Aenean lectus. Pellentesque eget nunc.'),
(52, 2, 24, '5/26/2021', 'Etiam faucibus cursus urna. Ut tellus.'),
(53, 14, 32, '5/9/2021', 'Phasellus in felis. Donec semper sapien a libero.'),
(54, 99, 31, '1/15/2022', 'Curabitur at ipsum ac tellus semper interdum. Mauris ullamcorper purus sit amet nulla.'),
(55, 10, 53, '8/24/2021', 'Vivamus vestibulum sagittis sapien. Cum sociis natoque penatibus et magnis dis parturient montes, nascetur ridiculus mus.'),
(56, 54, 21, '6/7/2021', 'Etiam vel augue. Vestibulum rutrum rutrum neque. Aenean auctor gravida sem. Praesent id massa id nisl venenatis lacinia. Aenean sit amet justo.'),
(57, 74, 29, '1/16/2022', 'Duis bibendum. Morbi non quam nec dui luctus rutrum. Nulla tellus. In sagittis dui vel nisl.'),
(58, 28, 22, '3/30/2021', 'Donec quis orci eget orci vehicula condimentum. Curabitur in libero ut massa volutpat convallis. Morbi odio odio, elementum eu, interdum eu, tincidunt in, leo.'),
(59, 32, 20, '11/7/2021', 'Praesent blandit lacinia erat. Vestibulum sed magna at nunc commodo placerat. Praesent blandit. Nam nulla. Integer pede justo, lacinia eget, tincidunt eget, tempus vel, pede.'),
(60, 40, 14, '2/3/2021', 'Duis mattis egestas metus. Aenean fermentum. Donec ut mauris eget massa tempor convallis. Nulla neque libero, convallis eget, eleifend luctus, ultricies eu, nibh.'),
(61, 98, 46, '8/15/2021', 'Vivamus vestibulum sagittis sapien. Cum sociis natoque penatibus et magnis dis parturient montes, nascetur ridiculus mus. Etiam vel augue. Vestibulum rutrum rutrum neque. Aenean auctor gravida sem.'),
(62, 82, 19, '7/13/2021', 'Suspendisse accumsan tortor quis turpis. Sed ante. Vivamus tortor. Duis mattis egestas metus.'),
(63, 48, 23, '8/31/2021', 'Proin risus. Praesent lectus.'),
(64, 49, 71, '11/6/2021', 'Donec odio justo, sollicitudin ut, suscipit a, feugiat et, eros. Vestibulum ac est lacinia nisi venenatis tristique. Fusce congue, diam id ornare imperdiet, sapien urna pretium nisl, ut volutpat sapien arcu sed augue. Aliquam erat volutpat.'),
(65, 23, 79, '5/20/2021', 'Morbi ut odio. Cras mi pede, malesuada in, imperdiet et, commodo vulputate, justo. In blandit ultrices enim. Lorem ipsum dolor sit amet, consectetuer adipiscing elit.'),
(66, 98, 23, '4/2/2021', 'In hac habitasse platea dictumst. Morbi vestibulum, velit id pretium iaculis, diam erat fermentum justo, nec condimentum neque sapien placerat ante. Nulla justo. Aliquam quis turpis eget elit sodales scelerisque.'),
(67, 82, 16, '11/12/2021', 'Donec diam neque, vestibulum eget, vulputate ut, ultrices vel, augue. Vestibulum ante ipsum primis in faucibus orci luctus et ultrices posuere cubilia Curae; Donec pharetra, magna vestibulum aliquet ultrices, erat tortor sollicitudin mi, sit amet lobortis sapien sapien non mi. Integer ac neque.'),
(68, 56, 72, '7/28/2021', 'Pellentesque ultrices mattis odio. Donec vitae nisi. Nam ultrices, libero non mattis pulvinar, nulla pede ullamcorper augue, a suscipit nulla elit ac nulla. Sed vel enim sit amet nunc viverra dapibus.'),
(69, 29, 77, '1/5/2022', 'Aenean fermentum. Donec ut mauris eget massa tempor convallis.'),
(70, 81, 28, '10/10/2021', 'Cras in purus eu magna vulputate luctus. Cum sociis natoque penatibus et magnis dis parturient montes, nascetur ridiculus mus. Vivamus vestibulum sagittis sapien. Cum sociis natoque penatibus et magnis dis parturient montes, nascetur ridiculus mus.'),
(71, 96, 36, '6/13/2021', 'Vivamus vestibulum sagittis sapien. Cum sociis natoque penatibus et magnis dis parturient montes, nascetur ridiculus mus. Etiam vel augue. Vestibulum rutrum rutrum neque. Aenean auctor gravida sem.'),
(72, 59, 40, '7/12/2021', 'Praesent id massa id nisl venenatis lacinia. Aenean sit amet justo. Morbi ut odio.'),
(73, 22, 54, '4/9/2021', 'Maecenas ut massa quis augue luctus tincidunt. Nulla mollis molestie lorem. Quisque ut erat. Curabitur gravida nisi at nibh.'),
(74, 28, 53, '2/23/2021', 'Morbi ut odio. Cras mi pede, malesuada in, imperdiet et, commodo vulputate, justo. In blandit ultrices enim. Lorem ipsum dolor sit amet, consectetuer adipiscing elit. Proin interdum mauris non ligula pellentesque ultrices.'),
(75, 1, 59, '1/4/2022', 'Cras mi pede, malesuada in, imperdiet et, commodo vulputate, justo. In blandit ultrices enim. Lorem ipsum dolor sit amet, consectetuer adipiscing elit. Proin interdum mauris non ligula pellentesque ultrices.'),
(76, 62, 41, '10/12/2021', 'Aenean sit amet justo. Morbi ut odio. Cras mi pede, malesuada in, imperdiet et, commodo vulputate, justo.'),
(77, 55, 30, '6/16/2021', 'Nam congue, risus semper porta volutpat, quam pede lobortis ligula, sit amet eleifend pede libero quis orci. Nullam molestie nibh in lectus. Pellentesque at nulla.'),
(78, 84, 12, '8/22/2021', 'Aliquam sit amet diam in magna bibendum imperdiet. Nullam orci pede, venenatis non, sodales sed, tincidunt eu, felis.'),
(79, 36, 14, '3/30/2021', 'Praesent blandit. Nam nulla. Integer pede justo, lacinia eget, tincidunt eget, tempus vel, pede.'),
(80, 86, 59, '8/11/2021', 'In hac habitasse platea dictumst. Morbi vestibulum, velit id pretium iaculis, diam erat fermentum justo, nec condimentum neque sapien placerat ante. Nulla justo.'),
(81, 88, 77, '2/17/2021', 'Praesent blandit lacinia erat. Vestibulum sed magna at nunc commodo placerat. Praesent blandit.'),
(82, 73, 12, '4/7/2021', 'Etiam pretium iaculis justo. In hac habitasse platea dictumst. Etiam faucibus cursus urna. Ut tellus.'),
(83, 79, 42, '9/17/2021', 'Proin leo odio, porttitor id, consequat in, consequat ut, nulla. Sed accumsan felis.'),
(84, 27, 47, '7/20/2021', 'Maecenas leo odio, condimentum id, luctus nec, molestie sed, justo. Pellentesque viverra pede ac diam. Cras pellentesque volutpat dui.'),
(85, 59, 50, '1/24/2022', 'Integer non velit. Donec diam neque, vestibulum eget, vulputate ut, ultrices vel, augue. Vestibulum ante ipsum primis in faucibus orci luctus et ultrices posuere cubilia Curae; Donec pharetra, magna vestibulum aliquet ultrices, erat tortor sollicitudin mi, sit amet lobortis sapien sapien non mi. Integer ac neque.'),
(86, 24, 27, '3/19/2021', 'Praesent lectus. Vestibulum quam sapien, varius ut, blandit non, interdum in, ante.'),
(87, 5, 39, '4/8/2021', 'In tempor, turpis nec euismod scelerisque, quam turpis adipiscing lorem, vitae mattis nibh ligula nec sem. Duis aliquam convallis nunc. Proin at turpis a pede posuere nonummy. Integer non velit.'),
(88, 91, 69, '4/21/2021', 'Morbi ut odio. Cras mi pede, malesuada in, imperdiet et, commodo vulputate, justo. In blandit ultrices enim. Lorem ipsum dolor sit amet, consectetuer adipiscing elit. Proin interdum mauris non ligula pellentesque ultrices.'),
(89, 3, 41, '7/19/2021', 'Integer aliquet, massa id lobortis convallis, tortor risus dapibus augue, vel accumsan tellus nisi eu orci. Mauris lacinia sapien quis libero. Nullam sit amet turpis elementum ligula vehicula consequat. Morbi a ipsum. Integer a nibh.'),
(90, 14, 58, '8/8/2021', 'Morbi quis tortor id nulla ultrices aliquet. Maecenas leo odio, condimentum id, luctus nec, molestie sed, justo. Pellentesque viverra pede ac diam. Cras pellentesque volutpat dui.'),
(91, 49, 22, '2/24/2021', 'Maecenas tristique, est et tempus semper, est quam pharetra magna, ac consequat metus sapien ut nunc. Vestibulum ante ipsum primis in faucibus orci luctus et ultrices posuere cubilia Curae; Mauris viverra diam vitae quam. Suspendisse potenti. Nullam porttitor lacus at turpis. Donec posuere metus vitae ipsum.'),
(92, 96, 78, '8/4/2021', 'Integer non velit. Donec diam neque, vestibulum eget, vulputate ut, ultrices vel, augue. Vestibulum ante ipsum primis in faucibus orci luctus et ultrices posuere cubilia Curae; Donec pharetra, magna vestibulum aliquet ultrices, erat tortor sollicitudin mi, sit amet lobortis sapien sapien non mi. Integer ac neque.'),
(93, 62, 24, '10/23/2021', 'Vestibulum ante ipsum primis in faucibus orci luctus et ultrices posuere cubilia Curae; Mauris viverra diam vitae quam. Suspendisse potenti. Nullam porttitor lacus at turpis. Donec posuere metus vitae ipsum. Aliquam non mauris.'),
(94, 60, 65, '4/7/2021', 'Maecenas tincidunt lacus at velit. Vivamus vel nulla eget eros elementum pellentesque. Quisque porta volutpat erat. Quisque erat eros, viverra eget, congue eget, semper rutrum, nulla. Nunc purus.'),
(95, 7, 66, '7/1/2021', 'Integer non velit. Donec diam neque, vestibulum eget, vulputate ut, ultrices vel, augue. Vestibulum ante ipsum primis in faucibus orci luctus et ultrices posuere cubilia Curae; Donec pharetra, magna vestibulum aliquet ultrices, erat tortor sollicitudin mi, sit amet lobortis sapien sapien non mi. Integer ac neque. Duis bibendum.'),
(96, 27, 45, '2/19/2021', 'Donec semper sapien a libero. Nam dui. Proin leo odio, porttitor id, consequat in, consequat ut, nulla.'),
(97, 90, 24, '7/20/2021', 'Integer tincidunt ante vel ipsum. Praesent blandit lacinia erat.'),
(98, 42, 77, '4/10/2021', 'In tempor, turpis nec euismod scelerisque, quam turpis adipiscing lorem, vitae mattis nibh ligula nec sem. Duis aliquam convallis nunc.'),
(99, 46, 47, '6/27/2021', 'Maecenas pulvinar lobortis est. Phasellus sit amet erat. Nulla tempus. Vivamus in felis eu sapien cursus vestibulum. Proin eu mi.'),
(100, 42, 62, '9/9/2021', 'Donec posuere metus vitae ipsum. Aliquam non mauris. Morbi non lectus. Aliquam sit amet diam in magna bibendum imperdiet. Nullam orci pede, venenatis non, sodales sed, tincidunt eu, felis.'),
(101, 3, 63, '8/21/2021', 'Phasellus in felis. Donec semper sapien a libero.'),
(102, 98, 75, '8/28/2021', 'Cras mi pede, malesuada in, imperdiet et, commodo vulputate, justo. In blandit ultrices enim. Lorem ipsum dolor sit amet, consectetuer adipiscing elit. Proin interdum mauris non ligula pellentesque ultrices. Phasellus id sapien in sapien iaculis congue.'),
(103, 88, 20, '5/26/2021', 'Pellentesque ultrices mattis odio. Donec vitae nisi. Nam ultrices, libero non mattis pulvinar, nulla pede ullamcorper augue, a suscipit nulla elit ac nulla. Sed vel enim sit amet nunc viverra dapibus. Nulla suscipit ligula in lacus.'),
(104, 100, 79, '6/19/2021', 'Morbi porttitor lorem id ligula. Suspendisse ornare consequat lectus. In est risus, auctor sed, tristique in, tempus sit amet, sem. Fusce consequat. Nulla nisl.'),
(105, 51, 43, '7/1/2021', 'Nullam molestie nibh in lectus. Pellentesque at nulla. Suspendisse potenti. Cras in purus eu magna vulputate luctus.'),
(106, 71, 29, '6/13/2021', 'Morbi ut odio. Cras mi pede, malesuada in, imperdiet et, commodo vulputate, justo. In blandit ultrices enim.'),
(107, 69, 38, '1/16/2022', 'Nam nulla. Integer pede justo, lacinia eget, tincidunt eget, tempus vel, pede. Morbi porttitor lorem id ligula.'),
(108, 30, 27, '4/2/2021', 'Maecenas tincidunt lacus at velit. Vivamus vel nulla eget eros elementum pellentesque. Quisque porta volutpat erat. Quisque erat eros, viverra eget, congue eget, semper rutrum, nulla.'),
(109, 65, 56, '3/15/2021', 'Phasellus sit amet erat. Nulla tempus. Vivamus in felis eu sapien cursus vestibulum.'),
(110, 3, 10, '2/5/2021', 'Morbi sem mauris, laoreet ut, rhoncus aliquet, pulvinar sed, nisl. Nunc rhoncus dui vel sem.'),
(111, 4, 53, '4/20/2021', 'Donec vitae nisi. Nam ultrices, libero non mattis pulvinar, nulla pede ullamcorper augue, a suscipit nulla elit ac nulla. Sed vel enim sit amet nunc viverra dapibus.'),
(112, 85, 71, '12/20/2021', 'In quis justo. Maecenas rhoncus aliquam lacus. Morbi quis tortor id nulla ultrices aliquet.'),
(113, 24, 57, '4/19/2021', 'Nulla neque libero, convallis eget, eleifend luctus, ultricies eu, nibh. Quisque id justo sit amet sapien dignissim vestibulum. Vestibulum ante ipsum primis in faucibus orci luctus et ultrices posuere cubilia Curae; Nulla dapibus dolor vel est. Donec odio justo, sollicitudin ut, suscipit a, feugiat et, eros. Vestibulum ac est lacinia nisi venenatis tristique.'),
(114, 56, 55, '2/3/2021', 'In quis justo. Maecenas rhoncus aliquam lacus. Morbi quis tortor id nulla ultrices aliquet. Maecenas leo odio, condimentum id, luctus nec, molestie sed, justo.'),
(115, 57, 57, '6/28/2021', 'Ut at dolor quis odio consequat varius. Integer ac leo. Pellentesque ultrices mattis odio.'),
(116, 88, 52, '6/30/2021', 'Vivamus vel nulla eget eros elementum pellentesque. Quisque porta volutpat erat. Quisque erat eros, viverra eget, congue eget, semper rutrum, nulla. Nunc purus.'),
(117, 50, 59, '9/13/2021', 'Donec ut mauris eget massa tempor convallis. Nulla neque libero, convallis eget, eleifend luctus, ultricies eu, nibh. Quisque id justo sit amet sapien dignissim vestibulum.'),
(118, 98, 35, '8/10/2021', 'Aliquam augue quam, sollicitudin vitae, consectetuer eget, rutrum at, lorem. Integer tincidunt ante vel ipsum.'),
(119, 77, 73, '5/11/2021', 'Pellentesque at nulla. Suspendisse potenti. Cras in purus eu magna vulputate luctus. Cum sociis natoque penatibus et magnis dis parturient montes, nascetur ridiculus mus.'),
(120, 74, 18, '11/11/2021', 'Nam dui. Proin leo odio, porttitor id, consequat in, consequat ut, nulla. Sed accumsan felis. Ut at dolor quis odio consequat varius.'),
(121, 6, 61, '9/26/2021', 'Suspendisse potenti. Cras in purus eu magna vulputate luctus.'),
(122, 78, 63, '4/24/2021', 'Fusce posuere felis sed lacus. Morbi sem mauris, laoreet ut, rhoncus aliquet, pulvinar sed, nisl.'),
(123, 86, 18, '5/28/2021', 'Nulla tellus. In sagittis dui vel nisl. Duis ac nibh. Fusce lacus purus, aliquet at, feugiat non, pretium quis, lectus.'),
(124, 27, 62, '12/20/2021', 'Nullam molestie nibh in lectus. Pellentesque at nulla.'),
(125, 50, 30, '8/12/2021', 'Morbi vestibulum, velit id pretium iaculis, diam erat fermentum justo, nec condimentum neque sapien placerat ante. Nulla justo. Aliquam quis turpis eget elit sodales scelerisque. Mauris sit amet eros.'),
(126, 57, 24, '12/7/2021', 'In quis justo. Maecenas rhoncus aliquam lacus. Morbi quis tortor id nulla ultrices aliquet. Maecenas leo odio, condimentum id, luctus nec, molestie sed, justo.'),
(127, 52, 75, '1/8/2022', 'Donec ut mauris eget massa tempor convallis. Nulla neque libero, convallis eget, eleifend luctus, ultricies eu, nibh. Quisque id justo sit amet sapien dignissim vestibulum. Vestibulum ante ipsum primis in faucibus orci luctus et ultrices posuere cubilia Curae; Nulla dapibus dolor vel est. Donec odio justo, sollicitudin ut, suscipit a, feugiat et, eros.'),
(128, 92, 29, '9/21/2021', 'In eleifend quam a odio. In hac habitasse platea dictumst. Maecenas ut massa quis augue luctus tincidunt. Nulla mollis molestie lorem.'),
(129, 77, 63, '9/28/2021', 'Nulla neque libero, convallis eget, eleifend luctus, ultricies eu, nibh. Quisque id justo sit amet sapien dignissim vestibulum. Vestibulum ante ipsum primis in faucibus orci luctus et ultrices posuere cubilia Curae; Nulla dapibus dolor vel est.'),
(130, 4, 63, '5/23/2021', 'Duis at velit eu est congue elementum. In hac habitasse platea dictumst. Morbi vestibulum, velit id pretium iaculis, diam erat fermentum justo, nec condimentum neque sapien placerat ante. Nulla justo. Aliquam quis turpis eget elit sodales scelerisque.'),
(131, 12, 44, '5/27/2021', 'Nulla neque libero, convallis eget, eleifend luctus, ultricies eu, nibh. Quisque id justo sit amet sapien dignissim vestibulum.'),
(132, 84, 25, '1/30/2021', 'Fusce consequat. Nulla nisl. Nunc nisl. Duis bibendum, felis sed interdum venenatis, turpis enim blandit mi, in porttitor pede justo eu massa.'),
(133, 5, 29, '3/22/2021', 'Duis bibendum. Morbi non quam nec dui luctus rutrum.'),
(134, 31, 40, '10/16/2021', 'Nam nulla. Integer pede justo, lacinia eget, tincidunt eget, tempus vel, pede.'),
(135, 15, 14, '9/27/2021', 'Nam dui. Proin leo odio, porttitor id, consequat in, consequat ut, nulla. Sed accumsan felis.'),
(136, 3, 70, '2/13/2021', 'In hac habitasse platea dictumst. Etiam faucibus cursus urna. Ut tellus. Nulla ut erat id mauris vulputate elementum.'),
(137, 57, 41, '12/6/2021', 'Quisque erat eros, viverra eget, congue eget, semper rutrum, nulla. Nunc purus.'),
(138, 4, 64, '2/4/2021', 'Suspendisse potenti. In eleifend quam a odio. In hac habitasse platea dictumst. Maecenas ut massa quis augue luctus tincidunt.'),
(139, 58, 64, '10/9/2021', 'Maecenas tristique, est et tempus semper, est quam pharetra magna, ac consequat metus sapien ut nunc. Vestibulum ante ipsum primis in faucibus orci luctus et ultrices posuere cubilia Curae; Mauris viverra diam vitae quam. Suspendisse potenti.'),
(140, 32, 69, '9/1/2021', 'Aliquam sit amet diam in magna bibendum imperdiet. Nullam orci pede, venenatis non, sodales sed, tincidunt eu, felis.'),
(141, 78, 70, '3/16/2021', 'Aenean lectus. Pellentesque eget nunc. Donec quis orci eget orci vehicula condimentum. Curabitur in libero ut massa volutpat convallis.'),
(142, 64, 67, '6/17/2021', 'Cum sociis natoque penatibus et magnis dis parturient montes, nascetur ridiculus mus. Vivamus vestibulum sagittis sapien. Cum sociis natoque penatibus et magnis dis parturient montes, nascetur ridiculus mus.'),
(143, 77, 14, '2/16/2021', 'In est risus, auctor sed, tristique in, tempus sit amet, sem. Fusce consequat. Nulla nisl. Nunc nisl. Duis bibendum, felis sed interdum venenatis, turpis enim blandit mi, in porttitor pede justo eu massa.'),
(144, 34, 75, '5/11/2021', 'Suspendisse potenti. In eleifend quam a odio. In hac habitasse platea dictumst.'),
(145, 80, 46, '9/11/2021', 'Fusce lacus purus, aliquet at, feugiat non, pretium quis, lectus. Suspendisse potenti.'),
(146, 43, 77, '11/29/2021', 'Cras pellentesque volutpat dui. Maecenas tristique, est et tempus semper, est quam pharetra magna, ac consequat metus sapien ut nunc. Vestibulum ante ipsum primis in faucibus orci luctus et ultrices posuere cubilia Curae; Mauris viverra diam vitae quam. Suspendisse potenti. Nullam porttitor lacus at turpis.'),
(147, 96, 32, '11/13/2021', 'Lorem ipsum dolor sit amet, consectetuer adipiscing elit. Proin risus. Praesent lectus. Vestibulum quam sapien, varius ut, blandit non, interdum in, ante. Vestibulum ante ipsum primis in faucibus orci luctus et ultrices posuere cubilia Curae; Duis faucibus accumsan odio.'),
(148, 26, 39, '9/25/2021', 'Pellentesque viverra pede ac diam. Cras pellentesque volutpat dui.'),
(149, 81, 16, '10/22/2021', 'Integer pede justo, lacinia eget, tincidunt eget, tempus vel, pede. Morbi porttitor lorem id ligula. Suspendisse ornare consequat lectus.'),
(150, 84, 52, '2/6/2021', 'Maecenas tincidunt lacus at velit. Vivamus vel nulla eget eros elementum pellentesque. Quisque porta volutpat erat. Quisque erat eros, viverra eget, congue eget, semper rutrum, nulla. Nunc purus.'),
(151, 33, 61, '7/13/2021', 'In hac habitasse platea dictumst. Aliquam augue quam, sollicitudin vitae, consectetuer eget, rutrum at, lorem. Integer tincidunt ante vel ipsum. Praesent blandit lacinia erat.'),
(152, 2, 27, '8/23/2021', 'Nulla facilisi. Cras non velit nec nisi vulputate nonummy. Maecenas tincidunt lacus at velit. Vivamus vel nulla eget eros elementum pellentesque. Quisque porta volutpat erat.'),
(153, 100, 29, '12/31/2021', 'Duis aliquam convallis nunc. Proin at turpis a pede posuere nonummy. Integer non velit.'),
(154, 63, 60, '6/18/2021', 'Fusce lacus purus, aliquet at, feugiat non, pretium quis, lectus. Suspendisse potenti.'),
(155, 54, 45, '10/30/2021', 'Pellentesque viverra pede ac diam. Cras pellentesque volutpat dui. Maecenas tristique, est et tempus semper, est quam pharetra magna, ac consequat metus sapien ut nunc. Vestibulum ante ipsum primis in faucibus orci luctus et ultrices posuere cubilia Curae; Mauris viverra diam vitae quam. Suspendisse potenti.'),
(156, 68, 62, '8/29/2021', 'Curabitur gravida nisi at nibh. In hac habitasse platea dictumst. Aliquam augue quam, sollicitudin vitae, consectetuer eget, rutrum at, lorem. Integer tincidunt ante vel ipsum.'),
(157, 7, 40, '11/14/2021', 'Lorem ipsum dolor sit amet, consectetuer adipiscing elit. Proin interdum mauris non ligula pellentesque ultrices. Phasellus id sapien in sapien iaculis congue. Vivamus metus arcu, adipiscing molestie, hendrerit at, vulputate vitae, nisl. Aenean lectus.'),
(158, 58, 77, '2/23/2021', 'In hac habitasse platea dictumst. Aliquam augue quam, sollicitudin vitae, consectetuer eget, rutrum at, lorem. Integer tincidunt ante vel ipsum. Praesent blandit lacinia erat.'),
(159, 47, 67, '4/23/2021', 'Donec odio justo, sollicitudin ut, suscipit a, feugiat et, eros. Vestibulum ac est lacinia nisi venenatis tristique. Fusce congue, diam id ornare imperdiet, sapien urna pretium nisl, ut volutpat sapien arcu sed augue.'),
(160, 87, 72, '10/29/2021', 'Quisque id justo sit amet sapien dignissim vestibulum. Vestibulum ante ipsum primis in faucibus orci luctus et ultrices posuere cubilia Curae; Nulla dapibus dolor vel est. Donec odio justo, sollicitudin ut, suscipit a, feugiat et, eros. Vestibulum ac est lacinia nisi venenatis tristique.'),
(161, 17, 33, '3/20/2021', 'Morbi ut odio. Cras mi pede, malesuada in, imperdiet et, commodo vulputate, justo.'),
(162, 6, 22, '12/4/2021', 'Curabitur convallis. Duis consequat dui nec nisi volutpat eleifend. Donec ut dolor. Morbi vel lectus in quam fringilla rhoncus.'),
(163, 3, 54, '7/20/2021', 'Nulla neque libero, convallis eget, eleifend luctus, ultricies eu, nibh. Quisque id justo sit amet sapien dignissim vestibulum. Vestibulum ante ipsum primis in faucibus orci luctus et ultrices posuere cubilia Curae; Nulla dapibus dolor vel est.'),
(164, 85, 77, '2/27/2021', 'Curabitur convallis. Duis consequat dui nec nisi volutpat eleifend. Donec ut dolor. Morbi vel lectus in quam fringilla rhoncus. Mauris enim leo, rhoncus sed, vestibulum sit amet, cursus id, turpis.'),
(165, 98, 70, '1/19/2022', 'Quisque erat eros, viverra eget, congue eget, semper rutrum, nulla. Nunc purus.'),
(166, 49, 58, '4/23/2021', 'Integer ac neque. Duis bibendum. Morbi non quam nec dui luctus rutrum. Nulla tellus. In sagittis dui vel nisl.'),
(167, 47, 53, '5/6/2021', 'Phasellus in felis. Donec semper sapien a libero. Nam dui. Proin leo odio, porttitor id, consequat in, consequat ut, nulla.'),
(168, 91, 61, '7/13/2021', 'In congue. Etiam justo. Etiam pretium iaculis justo. In hac habitasse platea dictumst.'),
(169, 67, 55, '7/9/2021', 'Maecenas pulvinar lobortis est. Phasellus sit amet erat.'),
(170, 39, 14, '7/8/2021', 'Vivamus tortor. Duis mattis egestas metus. Aenean fermentum. Donec ut mauris eget massa tempor convallis.'),
(171, 18, 76, '9/4/2021', 'In hac habitasse platea dictumst. Morbi vestibulum, velit id pretium iaculis, diam erat fermentum justo, nec condimentum neque sapien placerat ante. Nulla justo.'),
(172, 53, 67, '11/15/2021', 'Integer a nibh. In quis justo. Maecenas rhoncus aliquam lacus.'),
(173, 63, 69, '9/21/2021', 'Cras pellentesque volutpat dui. Maecenas tristique, est et tempus semper, est quam pharetra magna, ac consequat metus sapien ut nunc.'),
(174, 78, 69, '9/28/2021', 'Nulla ut erat id mauris vulputate elementum. Nullam varius.'),
(175, 61, 14, '6/27/2021', 'Suspendisse ornare consequat lectus. In est risus, auctor sed, tristique in, tempus sit amet, sem.'),
(176, 34, 63, '9/29/2021', 'Fusce consequat. Nulla nisl. Nunc nisl. Duis bibendum, felis sed interdum venenatis, turpis enim blandit mi, in porttitor pede justo eu massa. Donec dapibus.'),
(177, 12, 30, '2/23/2021', 'Donec quis orci eget orci vehicula condimentum. Curabitur in libero ut massa volutpat convallis. Morbi odio odio, elementum eu, interdum eu, tincidunt in, leo.'),
(178, 80, 16, '4/22/2021', 'Vestibulum ante ipsum primis in faucibus orci luctus et ultrices posuere cubilia Curae; Donec pharetra, magna vestibulum aliquet ultrices, erat tortor sollicitudin mi, sit amet lobortis sapien sapien non mi. Integer ac neque.'),
(179, 7, 38, '2/6/2021', 'Nullam porttitor lacus at turpis. Donec posuere metus vitae ipsum. Aliquam non mauris. Morbi non lectus.'),
(180, 29, 40, '5/1/2021', 'Quisque porta volutpat erat. Quisque erat eros, viverra eget, congue eget, semper rutrum, nulla.'),
(181, 20, 35, '6/13/2021', 'Vivamus tortor. Duis mattis egestas metus.'),
(182, 7, 70, '7/6/2021', 'Proin eu mi. Nulla ac enim.'),
(183, 76, 21, '4/4/2021', 'Mauris lacinia sapien quis libero. Nullam sit amet turpis elementum ligula vehicula consequat. Morbi a ipsum. Integer a nibh.'),
(184, 27, 64, '12/4/2021', 'Sed sagittis. Nam congue, risus semper porta volutpat, quam pede lobortis ligula, sit amet eleifend pede libero quis orci. Nullam molestie nibh in lectus. Pellentesque at nulla.'),
(185, 55, 42, '6/17/2021', 'Morbi ut odio. Cras mi pede, malesuada in, imperdiet et, commodo vulputate, justo.'),
(186, 46, 58, '2/11/2021', 'Morbi vestibulum, velit id pretium iaculis, diam erat fermentum justo, nec condimentum neque sapien placerat ante. Nulla justo. Aliquam quis turpis eget elit sodales scelerisque. Mauris sit amet eros.'),
(187, 36, 63, '2/24/2021', 'Morbi quis tortor id nulla ultrices aliquet. Maecenas leo odio, condimentum id, luctus nec, molestie sed, justo. Pellentesque viverra pede ac diam.'),
(188, 71, 51, '4/18/2021', 'Maecenas ut massa quis augue luctus tincidunt. Nulla mollis molestie lorem. Quisque ut erat. Curabitur gravida nisi at nibh. In hac habitasse platea dictumst.'),
(189, 9, 76, '5/21/2021', 'Curabitur gravida nisi at nibh. In hac habitasse platea dictumst. Aliquam augue quam, sollicitudin vitae, consectetuer eget, rutrum at, lorem. Integer tincidunt ante vel ipsum. Praesent blandit lacinia erat.'),
(190, 7, 48, '5/4/2021', 'Suspendisse accumsan tortor quis turpis. Sed ante. Vivamus tortor. Duis mattis egestas metus. Aenean fermentum.'),
(191, 47, 30, '4/28/2021', 'Donec dapibus. Duis at velit eu est congue elementum. In hac habitasse platea dictumst. Morbi vestibulum, velit id pretium iaculis, diam erat fermentum justo, nec condimentum neque sapien placerat ante. Nulla justo.'),
(192, 57, 53, '7/28/2021', 'Aenean sit amet justo. Morbi ut odio.'),
(193, 94, 34, '5/6/2021', 'Morbi non lectus. Aliquam sit amet diam in magna bibendum imperdiet. Nullam orci pede, venenatis non, sodales sed, tincidunt eu, felis.'),
(194, 85, 16, '9/2/2021', 'Lorem ipsum dolor sit amet, consectetuer adipiscing elit. Proin risus. Praesent lectus.'),
(195, 96, 41, '5/14/2021', 'In quis justo. Maecenas rhoncus aliquam lacus. Morbi quis tortor id nulla ultrices aliquet. Maecenas leo odio, condimentum id, luctus nec, molestie sed, justo.'),
(196, 80, 61, '6/12/2021', 'Pellentesque at nulla. Suspendisse potenti. Cras in purus eu magna vulputate luctus. Cum sociis natoque penatibus et magnis dis parturient montes, nascetur ridiculus mus.'),
(197, 34, 18, '5/4/2021', 'Sed ante. Vivamus tortor. Duis mattis egestas metus. Aenean fermentum.'),
(198, 50, 22, '5/27/2021', 'In congue. Etiam justo. Etiam pretium iaculis justo. In hac habitasse platea dictumst. Etiam faucibus cursus urna.'),
(199, 90, 54, '8/27/2021', 'Donec semper sapien a libero. Nam dui. Proin leo odio, porttitor id, consequat in, consequat ut, nulla. Sed accumsan felis.'),
(200, 72, 58, '8/29/2021', 'Nullam porttitor lacus at turpis. Donec posuere metus vitae ipsum. Aliquam non mauris. Morbi non lectus. Aliquam sit amet diam in magna bibendum imperdiet.'),
(201, 87, 24, '7/11/2021', 'Nunc nisl. Duis bibendum, felis sed interdum venenatis, turpis enim blandit mi, in porttitor pede justo eu massa. Donec dapibus.'),
(202, 28, 41, '6/5/2021', 'Cum sociis natoque penatibus et magnis dis parturient montes, nascetur ridiculus mus. Etiam vel augue. Vestibulum rutrum rutrum neque. Aenean auctor gravida sem. Praesent id massa id nisl venenatis lacinia.'),
(203, 77, 33, '11/27/2021', 'Maecenas rhoncus aliquam lacus. Morbi quis tortor id nulla ultrices aliquet. Maecenas leo odio, condimentum id, luctus nec, molestie sed, justo. Pellentesque viverra pede ac diam. Cras pellentesque volutpat dui.'),
(204, 60, 50, '5/14/2021', 'Cras in purus eu magna vulputate luctus. Cum sociis natoque penatibus et magnis dis parturient montes, nascetur ridiculus mus.'),
(205, 25, 51, '3/12/2021', 'Aliquam non mauris. Morbi non lectus. Aliquam sit amet diam in magna bibendum imperdiet. Nullam orci pede, venenatis non, sodales sed, tincidunt eu, felis. Fusce posuere felis sed lacus.'),
(206, 17, 57, '11/1/2021', 'Vestibulum ante ipsum primis in faucibus orci luctus et ultrices posuere cubilia Curae; Duis faucibus accumsan odio. Curabitur convallis. Duis consequat dui nec nisi volutpat eleifend. Donec ut dolor. Morbi vel lectus in quam fringilla rhoncus.'),
(207, 13, 55, '10/26/2021', 'Vivamus vestibulum sagittis sapien. Cum sociis natoque penatibus et magnis dis parturient montes, nascetur ridiculus mus.'),
(208, 23, 17, '12/9/2021', 'In eleifend quam a odio. In hac habitasse platea dictumst. Maecenas ut massa quis augue luctus tincidunt. Nulla mollis molestie lorem.'),
(209, 4, 76, '11/17/2021', 'Ut tellus. Nulla ut erat id mauris vulputate elementum. Nullam varius. Nulla facilisi.'),
(210, 81, 29, '7/10/2021', 'Morbi sem mauris, laoreet ut, rhoncus aliquet, pulvinar sed, nisl. Nunc rhoncus dui vel sem. Sed sagittis. Nam congue, risus semper porta volutpat, quam pede lobortis ligula, sit amet eleifend pede libero quis orci.'),
(211, 61, 37, '10/21/2021', 'Donec ut mauris eget massa tempor convallis. Nulla neque libero, convallis eget, eleifend luctus, ultricies eu, nibh. Quisque id justo sit amet sapien dignissim vestibulum.'),
(212, 72, 68, '7/14/2021', 'Cras in purus eu magna vulputate luctus. Cum sociis natoque penatibus et magnis dis parturient montes, nascetur ridiculus mus. Vivamus vestibulum sagittis sapien.'),
(213, 46, 53, '7/25/2021', 'Vivamus in felis eu sapien cursus vestibulum. Proin eu mi. Nulla ac enim. In tempor, turpis nec euismod scelerisque, quam turpis adipiscing lorem, vitae mattis nibh ligula nec sem.'),
(214, 19, 57, '2/5/2021', 'Proin leo odio, porttitor id, consequat in, consequat ut, nulla. Sed accumsan felis. Ut at dolor quis odio consequat varius. Integer ac leo.'),
(215, 17, 71, '4/15/2021', 'Fusce lacus purus, aliquet at, feugiat non, pretium quis, lectus. Suspendisse potenti. In eleifend quam a odio. In hac habitasse platea dictumst. Maecenas ut massa quis augue luctus tincidunt.'),
(216, 12, 38, '8/26/2021', 'Vivamus vel nulla eget eros elementum pellentesque. Quisque porta volutpat erat. Quisque erat eros, viverra eget, congue eget, semper rutrum, nulla.'),
(217, 35, 57, '7/9/2021', 'Cum sociis natoque penatibus et magnis dis parturient montes, nascetur ridiculus mus. Etiam vel augue.'),
(218, 50, 72, '5/11/2021', 'Praesent blandit lacinia erat. Vestibulum sed magna at nunc commodo placerat. Praesent blandit.'),
(219, 17, 36, '1/11/2022', 'Donec ut dolor. Morbi vel lectus in quam fringilla rhoncus. Mauris enim leo, rhoncus sed, vestibulum sit amet, cursus id, turpis. Integer aliquet, massa id lobortis convallis, tortor risus dapibus augue, vel accumsan tellus nisi eu orci. Mauris lacinia sapien quis libero.'),
(220, 61, 64, '8/23/2021', 'Mauris enim leo, rhoncus sed, vestibulum sit amet, cursus id, turpis. Integer aliquet, massa id lobortis convallis, tortor risus dapibus augue, vel accumsan tellus nisi eu orci.'),
(221, 43, 67, '7/25/2021', 'Vestibulum ac est lacinia nisi venenatis tristique. Fusce congue, diam id ornare imperdiet, sapien urna pretium nisl, ut volutpat sapien arcu sed augue. Aliquam erat volutpat. In congue. Etiam justo.'),
(222, 65, 72, '3/23/2021', 'Aenean sit amet justo. Morbi ut odio.'),
(223, 30, 63, '12/28/2021', 'Vestibulum ante ipsum primis in faucibus orci luctus et ultrices posuere cubilia Curae; Nulla dapibus dolor vel est. Donec odio justo, sollicitudin ut, suscipit a, feugiat et, eros. Vestibulum ac est lacinia nisi venenatis tristique. Fusce congue, diam id ornare imperdiet, sapien urna pretium nisl, ut volutpat sapien arcu sed augue.'),
(224, 2, 33, '7/31/2021', 'Donec odio justo, sollicitudin ut, suscipit a, feugiat et, eros. Vestibulum ac est lacinia nisi venenatis tristique. Fusce congue, diam id ornare imperdiet, sapien urna pretium nisl, ut volutpat sapien arcu sed augue.'),
(225, 77, 47, '2/4/2021', 'Integer aliquet, massa id lobortis convallis, tortor risus dapibus augue, vel accumsan tellus nisi eu orci. Mauris lacinia sapien quis libero.'),
(226, 29, 41, '9/26/2021', 'In congue. Etiam justo. Etiam pretium iaculis justo. In hac habitasse platea dictumst. Etiam faucibus cursus urna.'),
(227, 29, 14, '5/18/2021', 'Donec diam neque, vestibulum eget, vulputate ut, ultrices vel, augue. Vestibulum ante ipsum primis in faucibus orci luctus et ultrices posuere cubilia Curae; Donec pharetra, magna vestibulum aliquet ultrices, erat tortor sollicitudin mi, sit amet lobortis sapien sapien non mi.'),
(228, 3, 40, '9/7/2021', 'Donec ut dolor. Morbi vel lectus in quam fringilla rhoncus. Mauris enim leo, rhoncus sed, vestibulum sit amet, cursus id, turpis. Integer aliquet, massa id lobortis convallis, tortor risus dapibus augue, vel accumsan tellus nisi eu orci.'),
(229, 45, 62, '12/7/2021', 'Proin interdum mauris non ligula pellentesque ultrices. Phasellus id sapien in sapien iaculis congue. Vivamus metus arcu, adipiscing molestie, hendrerit at, vulputate vitae, nisl. Aenean lectus. Pellentesque eget nunc.'),
(230, 35, 22, '1/26/2022', 'Proin interdum mauris non ligula pellentesque ultrices. Phasellus id sapien in sapien iaculis congue.'),
(231, 43, 39, '12/22/2021', 'Morbi porttitor lorem id ligula. Suspendisse ornare consequat lectus. In est risus, auctor sed, tristique in, tempus sit amet, sem. Fusce consequat. Nulla nisl.'),
(232, 63, 48, '9/20/2021', 'Ut tellus. Nulla ut erat id mauris vulputate elementum.'),
(233, 26, 48, '3/22/2021', 'Nulla facilisi. Cras non velit nec nisi vulputate nonummy.'),
(234, 63, 39, '1/25/2022', 'Nulla justo. Aliquam quis turpis eget elit sodales scelerisque. Mauris sit amet eros.'),
(235, 20, 69, '10/11/2021', 'Etiam faucibus cursus urna. Ut tellus. Nulla ut erat id mauris vulputate elementum.'),
(236, 44, 47, '6/1/2021', 'Mauris sit amet eros. Suspendisse accumsan tortor quis turpis. Sed ante. Vivamus tortor. Duis mattis egestas metus.'),
(237, 51, 36, '3/14/2021', 'Duis consequat dui nec nisi volutpat eleifend. Donec ut dolor. Morbi vel lectus in quam fringilla rhoncus.'),
(238, 60, 32, '4/25/2021', 'Suspendisse potenti. In eleifend quam a odio. In hac habitasse platea dictumst. Maecenas ut massa quis augue luctus tincidunt.'),
(239, 42, 20, '4/26/2021', 'Proin risus. Praesent lectus. Vestibulum quam sapien, varius ut, blandit non, interdum in, ante. Vestibulum ante ipsum primis in faucibus orci luctus et ultrices posuere cubilia Curae; Duis faucibus accumsan odio. Curabitur convallis.'),
(240, 53, 10, '12/17/2021', 'Sed ante. Vivamus tortor.'),
(241, 36, 39, '7/27/2021', 'Praesent blandit. Nam nulla. Integer pede justo, lacinia eget, tincidunt eget, tempus vel, pede.'),
(242, 85, 69, '10/7/2021', 'Aliquam sit amet diam in magna bibendum imperdiet. Nullam orci pede, venenatis non, sodales sed, tincidunt eu, felis. Fusce posuere felis sed lacus. Morbi sem mauris, laoreet ut, rhoncus aliquet, pulvinar sed, nisl.'),
(243, 93, 32, '4/24/2021', 'Nulla facilisi. Cras non velit nec nisi vulputate nonummy. Maecenas tincidunt lacus at velit. Vivamus vel nulla eget eros elementum pellentesque.'),
(244, 2, 44, '12/1/2021', 'Morbi vel lectus in quam fringilla rhoncus. Mauris enim leo, rhoncus sed, vestibulum sit amet, cursus id, turpis. Integer aliquet, massa id lobortis convallis, tortor risus dapibus augue, vel accumsan tellus nisi eu orci.'),
(245, 40, 11, '2/1/2021', 'Vestibulum rutrum rutrum neque. Aenean auctor gravida sem. Praesent id massa id nisl venenatis lacinia. Aenean sit amet justo. Morbi ut odio.'),
(246, 5, 48, '1/25/2022', 'Proin interdum mauris non ligula pellentesque ultrices. Phasellus id sapien in sapien iaculis congue. Vivamus metus arcu, adipiscing molestie, hendrerit at, vulputate vitae, nisl. Aenean lectus. Pellentesque eget nunc.'),
(247, 35, 20, '3/11/2021', 'Nulla suscipit ligula in lacus. Curabitur at ipsum ac tellus semper interdum. Mauris ullamcorper purus sit amet nulla. Quisque arcu libero, rutrum ac, lobortis vel, dapibus at, diam.'),
(248, 61, 44, '9/13/2021', 'Phasellus in felis. Donec semper sapien a libero. Nam dui. Proin leo odio, porttitor id, consequat in, consequat ut, nulla. Sed accumsan felis.'),
(249, 66, 48, '4/5/2021', 'Donec vitae nisi. Nam ultrices, libero non mattis pulvinar, nulla pede ullamcorper augue, a suscipit nulla elit ac nulla. Sed vel enim sit amet nunc viverra dapibus. Nulla suscipit ligula in lacus.'),
(250, 87, 41, '2/1/2021', 'Vestibulum sed magna at nunc commodo placerat. Praesent blandit.'),
(251, 15, 56, '8/7/2021', 'Duis bibendum, felis sed interdum venenatis, turpis enim blandit mi, in porttitor pede justo eu massa. Donec dapibus. Duis at velit eu est congue elementum. In hac habitasse platea dictumst. Morbi vestibulum, velit id pretium iaculis, diam erat fermentum justo, nec condimentum neque sapien placerat ante.'),
(252, 37, 67, '3/3/2021', 'In blandit ultrices enim. Lorem ipsum dolor sit amet, consectetuer adipiscing elit. Proin interdum mauris non ligula pellentesque ultrices. Phasellus id sapien in sapien iaculis congue. Vivamus metus arcu, adipiscing molestie, hendrerit at, vulputate vitae, nisl.'),
(253, 68, 24, '2/3/2021', 'Vestibulum ac est lacinia nisi venenatis tristique. Fusce congue, diam id ornare imperdiet, sapien urna pretium nisl, ut volutpat sapien arcu sed augue.'),
(254, 31, 16, '4/29/2021', 'Nam congue, risus semper porta volutpat, quam pede lobortis ligula, sit amet eleifend pede libero quis orci. Nullam molestie nibh in lectus. Pellentesque at nulla.'),
(255, 46, 22, '11/26/2021', 'Proin leo odio, porttitor id, consequat in, consequat ut, nulla. Sed accumsan felis. Ut at dolor quis odio consequat varius.'),
(256, 16, 44, '9/7/2021', 'Nulla ut erat id mauris vulputate elementum. Nullam varius. Nulla facilisi.'),
(257, 17, 21, '2/20/2021', 'Integer non velit. Donec diam neque, vestibulum eget, vulputate ut, ultrices vel, augue. Vestibulum ante ipsum primis in faucibus orci luctus et ultrices posuere cubilia Curae; Donec pharetra, magna vestibulum aliquet ultrices, erat tortor sollicitudin mi, sit amet lobortis sapien sapien non mi. Integer ac neque.'),
(258, 68, 69, '5/13/2021', 'Vivamus vel nulla eget eros elementum pellentesque. Quisque porta volutpat erat. Quisque erat eros, viverra eget, congue eget, semper rutrum, nulla. Nunc purus. Phasellus in felis.'),
(259, 79, 40, '8/5/2021', 'Etiam faucibus cursus urna. Ut tellus. Nulla ut erat id mauris vulputate elementum. Nullam varius. Nulla facilisi.'),
(260, 69, 49, '6/27/2021', 'Donec posuere metus vitae ipsum. Aliquam non mauris.'),
(261, 8, 46, '4/18/2021', 'Pellentesque at nulla. Suspendisse potenti.'),
(262, 6, 46, '6/19/2021', 'Fusce congue, diam id ornare imperdiet, sapien urna pretium nisl, ut volutpat sapien arcu sed augue. Aliquam erat volutpat.'),
(263, 81, 58, '7/12/2021', 'Mauris lacinia sapien quis libero. Nullam sit amet turpis elementum ligula vehicula consequat. Morbi a ipsum.'),
(264, 96, 79, '9/27/2021', 'Proin eu mi. Nulla ac enim. In tempor, turpis nec euismod scelerisque, quam turpis adipiscing lorem, vitae mattis nibh ligula nec sem. Duis aliquam convallis nunc.'),
(265, 88, 23, '8/5/2021', 'Aliquam erat volutpat. In congue. Etiam justo.'),
(266, 62, 76, '10/20/2021', 'Suspendisse potenti. Cras in purus eu magna vulputate luctus.'),
(267, 67, 75, '3/2/2021', 'Nam ultrices, libero non mattis pulvinar, nulla pede ullamcorper augue, a suscipit nulla elit ac nulla. Sed vel enim sit amet nunc viverra dapibus. Nulla suscipit ligula in lacus. Curabitur at ipsum ac tellus semper interdum. Mauris ullamcorper purus sit amet nulla.'),
(268, 2, 74, '5/6/2021', 'Duis bibendum. Morbi non quam nec dui luctus rutrum. Nulla tellus. In sagittis dui vel nisl. Duis ac nibh.'),
(269, 40, 79, '5/5/2021', 'Ut at dolor quis odio consequat varius. Integer ac leo. Pellentesque ultrices mattis odio. Donec vitae nisi.'),
(270, 70, 66, '6/13/2021', 'Nulla facilisi. Cras non velit nec nisi vulputate nonummy.'),
(271, 79, 55, '4/8/2021', 'In est risus, auctor sed, tristique in, tempus sit amet, sem. Fusce consequat. Nulla nisl.'),
(272, 100, 47, '6/24/2021', 'Donec odio justo, sollicitudin ut, suscipit a, feugiat et, eros. Vestibulum ac est lacinia nisi venenatis tristique.'),
(273, 30, 36, '12/16/2021', 'Fusce consequat. Nulla nisl. Nunc nisl.'),
(274, 95, 48, '6/9/2021', 'Nulla suscipit ligula in lacus. Curabitur at ipsum ac tellus semper interdum. Mauris ullamcorper purus sit amet nulla. Quisque arcu libero, rutrum ac, lobortis vel, dapibus at, diam. Nam tristique tortor eu pede.'),
(275, 44, 69, '3/13/2021', 'Pellentesque ultrices mattis odio. Donec vitae nisi. Nam ultrices, libero non mattis pulvinar, nulla pede ullamcorper augue, a suscipit nulla elit ac nulla.'),
(276, 95, 50, '7/17/2021', 'Nunc purus. Phasellus in felis.'),
(277, 97, 34, '10/17/2021', 'Morbi non quam nec dui luctus rutrum. Nulla tellus. In sagittis dui vel nisl. Duis ac nibh. Fusce lacus purus, aliquet at, feugiat non, pretium quis, lectus.'),
(278, 51, 12, '8/12/2021', 'Maecenas ut massa quis augue luctus tincidunt. Nulla mollis molestie lorem. Quisque ut erat. Curabitur gravida nisi at nibh. In hac habitasse platea dictumst.'),
(279, 81, 35, '12/21/2021', 'Integer pede justo, lacinia eget, tincidunt eget, tempus vel, pede. Morbi porttitor lorem id ligula. Suspendisse ornare consequat lectus. In est risus, auctor sed, tristique in, tempus sit amet, sem.'),
(280, 3, 22, '11/4/2021', 'Mauris lacinia sapien quis libero. Nullam sit amet turpis elementum ligula vehicula consequat. Morbi a ipsum. Integer a nibh. In quis justo.'),
(281, 29, 22, '10/22/2021', 'Vivamus vel nulla eget eros elementum pellentesque. Quisque porta volutpat erat.'),
(282, 81, 60, '9/20/2021', 'Donec odio justo, sollicitudin ut, suscipit a, feugiat et, eros. Vestibulum ac est lacinia nisi venenatis tristique.'),
(283, 37, 60, '8/16/2021', 'Vivamus tortor. Duis mattis egestas metus. Aenean fermentum.'),
(284, 10, 76, '2/9/2021', 'Nulla suscipit ligula in lacus. Curabitur at ipsum ac tellus semper interdum. Mauris ullamcorper purus sit amet nulla.'),
(285, 93, 66, '12/31/2021', 'Vestibulum quam sapien, varius ut, blandit non, interdum in, ante. Vestibulum ante ipsum primis in faucibus orci luctus et ultrices posuere cubilia Curae; Duis faucibus accumsan odio. Curabitur convallis. Duis consequat dui nec nisi volutpat eleifend.'),
(286, 78, 78, '3/14/2021', 'Morbi vestibulum, velit id pretium iaculis, diam erat fermentum justo, nec condimentum neque sapien placerat ante. Nulla justo. Aliquam quis turpis eget elit sodales scelerisque.'),
(287, 49, 55, '10/7/2021', 'Nulla facilisi. Cras non velit nec nisi vulputate nonummy. Maecenas tincidunt lacus at velit. Vivamus vel nulla eget eros elementum pellentesque. Quisque porta volutpat erat.'),
(288, 2, 71, '8/27/2021', 'Donec dapibus. Duis at velit eu est congue elementum. In hac habitasse platea dictumst. Morbi vestibulum, velit id pretium iaculis, diam erat fermentum justo, nec condimentum neque sapien placerat ante. Nulla justo.'),
(289, 75, 27, '1/3/2022', 'Proin leo odio, porttitor id, consequat in, consequat ut, nulla. Sed accumsan felis.'),
(290, 99, 46, '1/11/2022', 'In blandit ultrices enim. Lorem ipsum dolor sit amet, consectetuer adipiscing elit. Proin interdum mauris non ligula pellentesque ultrices. Phasellus id sapien in sapien iaculis congue.'),
(291, 61, 52, '2/10/2021', 'Nulla justo. Aliquam quis turpis eget elit sodales scelerisque. Mauris sit amet eros. Suspendisse accumsan tortor quis turpis.'),
(292, 58, 58, '1/31/2021', 'Phasellus id sapien in sapien iaculis congue. Vivamus metus arcu, adipiscing molestie, hendrerit at, vulputate vitae, nisl. Aenean lectus. Pellentesque eget nunc. Donec quis orci eget orci vehicula condimentum.'),
(293, 78, 34, '11/14/2021', 'In hac habitasse platea dictumst. Morbi vestibulum, velit id pretium iaculis, diam erat fermentum justo, nec condimentum neque sapien placerat ante.'),
(294, 16, 45, '1/8/2022', 'Donec dapibus. Duis at velit eu est congue elementum.'),
(295, 73, 48, '2/21/2021', 'In hac habitasse platea dictumst. Etiam faucibus cursus urna.'),
(296, 15, 41, '10/20/2021', 'Proin interdum mauris non ligula pellentesque ultrices. Phasellus id sapien in sapien iaculis congue. Vivamus metus arcu, adipiscing molestie, hendrerit at, vulputate vitae, nisl. Aenean lectus. Pellentesque eget nunc.');

insert into book_review_like (review_id, user_id, time, value)
values (122, 100, '8/5/2021', 1),
 (36, 44, '7/26/2021', 1),
 (71, 11, '4/20/2021', 1),
 (16, 12, '4/8/2021', -1),
 (176, 96, '11/20/2021', 1),
 (182, 52, '12/3/2021', -1),
 (296, 23, '9/21/2021', 1),
 (90, 61, '8/3/2021', -1),
 (207, 91, '3/26/2021', -1),
 (107, 18, '8/12/2021', 1),
 (215, 79, '8/13/2021', -1),
 (64, 51, '3/7/2021', -1),
 (4, 37, '4/12/2021', -1),
 (197, 24, '10/27/2021', 1),
 (198, 96, '10/25/2021', 1),
 (291, 54, '2/23/2021', 1),
 (9, 46, '12/7/2021', -1),
 (8, 52, '11/4/2021', 1),
 (133, 27, '2/18/2021', 1),
 (166, 99, '11/26/2021', -1),
 (278, 83, '6/17/2021', 1),
 (223, 18, '10/3/2021', 1),
 (6, 2, '3/22/2021', 1),
 (88, 18, '5/5/2021', 1),
 (277, 13, '1/30/2022', 1),
 (14, 57, '4/26/2021', 1),
 (170, 24, '6/22/2021', 1),
 (289, 74, '9/16/2021', 1),
 (276, 4, '4/14/2021', 1),
 (277, 91, '1/23/2022', 1),
 (197, 20, '12/16/2021', 1),
 (214, 84, '9/30/2021', 1),
 (189, 53, '8/24/2021', -1),
 (247, 25, '7/29/2021', -1),
 (291, 59, '10/7/2021', 1),
 (221, 98, '9/6/2021', 1),
 (160, 69, '4/30/2021', -1),
 (219, 10, '7/4/2021', 1),
 (1, 50, '4/23/2021', 1),
 (89, 23, '6/24/2021', 1),
 (196, 85, '2/24/2021', 1),
 (122, 31, '2/16/2021', 1),
 (178, 93, '12/7/2021', -1),
 (135, 77, '3/16/2021', 1),
 (131, 49, '9/1/2021', -1),
 (47, 54, '7/27/2021', 1),
 (277, 29, '10/30/2021', 1),
 (251, 15, '12/9/2021', -1),
 (289, 81, '8/28/2021', 1),
 (122, 22, '3/28/2021', 1),
 (289, 97, '9/15/2021', 1),
 (72, 28, '7/24/2021', 1),
 (283, 99, '7/13/2021', 1),
 (270, 72, '12/22/2021', 1),
 (2, 77, '5/1/2021', -1),
 (249, 95, '3/28/2021', -1),
 (86, 19, '10/20/2021', 1),
 (214, 42, '7/4/2021', 1),
 (140, 32, '9/16/2021', 1),
 (28, 92, '12/21/2021', -1),
 (277, 90, '3/21/2021', 1),
 (133, 16, '4/6/2021', 1),
 (102, 71, '2/16/2021', 1),
 (161, 2, '7/9/2021', 1),
 (80, 36, '5/1/2021', 1),
 (81, 35, '9/22/2021', 1),
 (75, 74, '12/8/2021', -1),
 (38, 2, '7/30/2021', 1),
 (289, 57, '2/4/2022', 1),
 (237, 36, '12/12/2021', 1),
 (195, 83, '11/10/2021', 1),
 (48, 78, '12/28/2021', 1),
 (132, 69, '5/8/2021', 1),
 (211, 2, '8/29/2021', -1),
 (235, 32, '10/13/2021', 1),
 (17, 29, '6/21/2021', -1),
 (253, 70, '9/24/2021', -1),
 (200, 67, '8/7/2021', 1),
 (242, 87, '12/15/2021', 1),
 (80, 99, '7/21/2021', 1),
 (211, 65, '10/15/2021', 1),
 (157, 52, '1/4/2022', 1),
 (271, 74, '12/6/2021', 1),
 (231, 18, '2/4/2022', -1),
 (259, 39, '10/26/2021', -1),
 (74, 86, '9/3/2021', -1),
 (154, 18, '1/25/2022', 1),
 (24, 9, '12/20/2021', -1),
 (147, 6, '10/7/2021', -1),
 (152, 25, '6/15/2021', -1),
 (5, 16, '3/19/2021', -1),
 (87, 5, '11/20/2021', 1),
 (47, 62, '5/4/2021', 1),
 (172, 63, '8/12/2021', 1),
 (290, 47, '11/29/2021', -1),
 (65, 96, '10/5/2021', 1),
 (53, 61, '9/3/2021', 1),
 (23, 71, '8/27/2021', 1),
 (36, 61, '2/1/2022', 1),
 (41, 60, '12/17/2021', 1),
 (226, 74, '6/30/2021', 1),
 (227, 45, '7/4/2021', -1),
 (127, 78, '9/16/2021', 1),
 (191, 26, '1/7/2022', -1),
 (283, 74, '11/6/2021', 1),
 (118, 52, '6/16/2021', -1),
 (292, 2, '10/21/2021', -1),
 (74, 90, '7/14/2021', 1),
 (52, 99, '1/19/2022', -1),
 (284, 66, '12/28/2021', -1),
 (21, 72, '3/16/2021', 1),
 (248, 88, '6/10/2021', 1),
 (260, 26, '1/6/2022', 1),
 (9, 17, '3/21/2021', 1),
 (280, 19, '12/9/2021', 1),
 (157, 36, '6/2/2021', 1),
 (197, 43, '8/1/2021', 1),
 (60, 49, '11/18/2021', 1),
 (203, 89, '3/21/2021', -1),
 (165, 9, '4/24/2021', 1),
 (91, 82, '3/28/2021', -1),
 (121, 97, '7/21/2021', 1),
 (279, 15, '9/3/2021', -1),
 (251, 19, '1/11/2022', -1),
 (226, 89, '5/12/2021', -1),
 (287, 30, '6/30/2021', -1),
 (272, 16, '2/22/2021', -1),
 (241, 60, '6/4/2021', 1),
 (177, 90, '1/23/2022', 1),
 (266, 45, '7/25/2021', 1),
 (210, 28, '6/6/2021', -1),
 (284, 78, '3/20/2021', -1),
 (157, 8, '9/24/2021', -1),
 (121, 26, '10/1/2021', 1),
 (130, 59, '3/16/2021', -1),
 (249, 13, '7/16/2021', 1),
 (24, 52, '2/6/2022', -1),
 (221, 47, '1/25/2022', -1),
 (69, 76, '5/10/2021', 1),
 (62, 86, '2/3/2022', 1),
 (233, 68, '6/11/2021', 1),
 (130, 11, '6/1/2021', 1),
 (246, 3, '10/8/2021', -1),
 (50, 34, '10/23/2021', 1),
 (266, 9, '8/8/2021', -1),
 (145, 19, '11/27/2021', 1),
 (43, 24, '2/27/2021', -1),
 (20, 65, '9/5/2021', 1),
 (246, 14, '12/27/2021', -1),
 (89, 52, '8/1/2021', -1),
 (7, 69, '2/6/2022', 1),
 (20, 63, '7/12/2021', -1),
 (258, 25, '11/29/2021', -1),
 (189, 38, '5/29/2021', 1),
 (74, 19, '12/23/2021', -1),
 (14, 15, '4/17/2021', 1),
 (13, 96, '9/3/2021', 1),
 (203, 26, '3/19/2021', -1),
 (125, 56, '5/4/2021', -1),
 (180, 26, '7/27/2021', 1),
 (239, 22, '8/24/2021', -1),
 (296, 3, '12/31/2021', 1),
 (144, 59, '4/10/2021', 1),
 (28, 43, '10/28/2021', 1),
 (126, 8, '1/17/2022', 1),
 (53, 2, '10/23/2021', -1),
 (193, 92, '1/28/2022', -1),
 (98, 86, '6/29/2021', -1),
 (15, 30, '8/11/2021', 1),
 (41, 35, '8/18/2021', 1),
 (216, 56, '6/5/2021', -1),
 (230, 94, '6/25/2021', -1),
 (112, 73, '4/26/2021', -1),
 (74, 46, '10/17/2021', 1),
 (234, 98, '2/9/2021', 1),
 (112, 27, '8/17/2021', 1),
 (177, 25, '1/14/2022', 1),
 (97, 80, '8/17/2021', -1),
 (237, 89, '4/16/2021', 1),
 (12, 86, '8/13/2021', -1),
 (99, 59, '1/19/2022', 1),
 (151, 46, '9/21/2021', -1),
 (146, 35, '6/1/2021', 1),
 (51, 75, '2/11/2021', -1),
 (263, 85, '2/12/2021', 1),
 (159, 39, '12/30/2021', 1),
 (101, 55, '1/27/2022', -1),
 (225, 52, '6/5/2021', -1),
 (25, 29, '4/10/2021', 1),
 (209, 81, '4/17/2021', -1),
 (95, 98, '2/27/2021', -1),
 (1, 3, '9/14/2021', 1),
 (291, 32, '7/12/2021', 1),
 (147, 41, '8/30/2021', -1),
 (229, 56, '2/20/2021', -1),
 (73, 33, '1/6/2022', 1),
 (90, 55, '4/5/2021', 1),
 (122, 9, '4/3/2021', 1),
 (240, 67, '5/8/2021', -1),
 (246, 77, '8/27/2021', 1),
 (292, 47, '12/16/2021', 1),
 (153, 91, '9/24/2021', -1),
 (146, 38, '10/2/2021', 1),
 (24, 6, '10/30/2021', -1),
 (284, 25, '11/15/2021', -1),
 (170, 60, '10/13/2021', 1),
 (22, 28, '5/3/2021', 1),
 (238, 89, '9/14/2021', 1),
 (27, 53, '6/29/2021', 1),
 (250, 41, '4/20/2021', 1),
 (97, 30, '12/15/2021', 1),
 (103, 28, '1/10/2022', -1),
 (264, 96, '4/26/2021', -1),
 (246, 41, '8/31/2021', 1),
 (237, 47, '2/6/2022', 1),
 (150, 47, '11/2/2021', -1),
 (214, 12, '12/18/2021', -1),
 (264, 51, '3/18/2021', 1),
 (200, 74, '11/9/2021', 1),
 (230, 1, '6/12/2021', 1),
 (26, 46, '6/22/2021', 1),
 (150, 42, '6/11/2021', -1),
 (34, 62, '1/9/2022', 1),
 (33, 88, '12/9/2021', 1),
 (212, 26, '1/6/2022', -1),
 (262, 97, '7/27/2021', 1),
 (171, 11, '4/18/2021', -1),
 (179, 47, '8/18/2021', 1),
 (77, 30, '7/5/2021', 1),
 (108, 43, '4/8/2021', -1),
 (204, 41, '2/25/2021', 1),
 (91, 79, '7/18/2021', 1),
 (219, 69, '9/6/2021', 1),
 (235, 38, '7/6/2021', -1),
 (156, 55, '9/14/2021', 1),
 (192, 40, '4/7/2021', 1),
 (284, 11, '12/6/2021', 1),
 (96, 50, '12/8/2021', 1),
 (274, 34, '11/6/2021', 1),
 (105, 10, '10/14/2021', -1),
 (8, 36, '2/19/2021', 1),
 (75, 25, '8/18/2021', -1),
 (11, 7, '12/5/2021', 1),
 (69, 96, '6/3/2021', -1),
 (281, 55, '10/20/2021', 1),
 (215, 9, '8/25/2021', -1),
 (115, 67, '9/20/2021', 1),
 (75, 28, '2/24/2021', 1),
 (283, 45, '9/12/2021', -1),
 (246, 1, '4/10/2021', 1),
 (200, 81, '12/24/2021', 1),
 (286, 44, '12/29/2021', 1),
 (39, 49, '7/24/2021', 1),
 (159, 93, '1/22/2022', 1),
 (143, 71, '4/8/2021', 1),
 (282, 1, '11/9/2021', 1),
 (46, 40, '6/17/2021', 1),
 (177, 31, '10/17/2021', 1),
 (25, 92, '9/20/2021', 1),
 (244, 3, '3/19/2021', 1),
 (269, 33, '10/5/2021', 1),
 (91, 13, '4/13/2021', 1),
 (99, 9, '12/28/2021', -1),
 (217, 23, '11/18/2021', 1),
 (253, 10, '5/11/2021', 1),
 (178, 41, '6/2/2021', -1),
 (248, 89, '12/30/2021', 1),
 (73, 98, '4/17/2021', 1),
 (13, 71, '2/4/2022', 1),
 (213, 39, '6/6/2021', 1),
 (128, 84, '4/1/2021', 1),
 (77, 94, '5/15/2021', -1),
 (170, 30, '11/26/2021', 1),
 (263, 96, '5/27/2021', -1),
 (194, 73, '4/22/2021', -1),
 (237, 22, '9/4/2021', 1),
 (283, 12, '1/30/2022', 1),
 (131, 74, '12/6/2021', -1),
 (291, 30, '6/6/2021', 1),
 (44, 67, '1/5/2022', 1),
 (230, 22, '12/7/2021', 1),
 (154, 30, '4/2/2021', 1),
 (172, 99, '10/25/2021', -1),
 (282, 47, '7/31/2021', 1),
 (149, 79, '9/21/2021', 1),
 (47, 60, '5/2/2021', 1),
 (12, 68, '2/27/2021', 1),
 (260, 28, '5/30/2021', -1),
 (114, 86, '8/15/2021', 1),
 (263, 19, '12/6/2021', -1),
 (229, 69, '1/16/2022', 1),
 (268, 48, '5/30/2021', 1),
 (116, 47, '3/31/2021', 1),
 (209, 27, '8/23/2021', 1),
 (179, 86, '5/4/2021', -1),
 (89, 9, '9/24/2021', 1),
 (153, 29, '4/11/2021', 1),
 (54, 100, '7/19/2021', 1),
 (218, 38, '10/16/2021', 1),
 (280, 61, '3/8/2021', 1),
 (198, 54, '7/17/2021', -1),
 (97, 74, '3/2/2021', -1),
 (169, 59, '1/7/2022', -1),
 (219, 50, '9/21/2021', 1),
 (233, 8, '8/20/2021', -1),
 (238, 51, '9/6/2021', -1),
 (261, 91, '9/28/2021', 1),
 (66, 67, '8/2/2021', 1),
 (281, 27, '1/2/2022', -1),
 (15, 96, '4/20/2021', 1),
 (254, 54, '2/3/2022', -1),
 (257, 64, '5/21/2021', 1),
 (132, 80, '2/22/2021', 1),
 (225, 18, '4/22/2021', -1),
 (201, 96, '5/27/2021', -1),
 (206, 65, '12/12/2021', 1),
 (105, 26, '9/26/2021', 1),
 (95, 64, '1/5/2022', 1),
 (202, 41, '6/29/2021', 1),
 (11, 54, '7/18/2021', 1),
 (258, 79, '7/5/2021', -1),
 (205, 22, '3/19/2021', -1),
 (106, 30, '4/11/2021', 1),
 (253, 40, '8/29/2021', 1),
 (76, 29, '3/9/2021', 1),
 (156, 39, '10/9/2021', -1),
 (196, 17, '3/14/2021', -1),
 (201, 26, '6/25/2021', 1),
 (272, 80, '8/1/2021', 1),
 (234, 56, '7/15/2021', 1),
 (160, 91, '10/10/2021', 1),
 (222, 9, '8/1/2021', 1),
 (144, 62, '7/31/2021', 1),
 (282, 89, '8/5/2021', 1),
 (94, 57, '10/26/2021', 1),
 (25, 96, '6/16/2021', -1),
 (108, 48, '4/2/2021', 1),
 (207, 22, '5/10/2021', 1),
 (235, 70, '11/2/2021', 1),
 (126, 43, '2/9/2021', 1),
 (89, 84, '7/26/2021', 1),
 (3, 89, '5/25/2021', 1),
 (247, 52, '7/28/2021', 1),
 (119, 21, '4/9/2021', -1),
 (210, 31, '10/29/2021', 1),
 (101, 94, '10/5/2021', 1),
 (288, 49, '12/25/2021', 1),
 (101, 30, '3/22/2021', 1),
 (191, 30, '10/6/2021', 1),
 (252, 12, '7/14/2021', 1),
 (175, 7, '2/21/2021', 1),
 (193, 18, '12/17/2021', -1),
 (182, 91, '4/21/2021', 1),
 (186, 22, '7/21/2021', 1),
 (159, 83, '6/15/2021', -1),
 (247, 56, '11/7/2021', 1),
 (214, 87, '11/29/2021', 1),
 (176, 33, '12/16/2021', -1),
 (187, 63, '11/21/2021', -1),
 (111, 97, '3/9/2021', 1),
 (258, 83, '12/20/2021', 1),
 (254, 19, '10/12/2021', 1),
 (178, 47, '9/4/2021', -1),
 (52, 92, '6/16/2021', 1),
 (194, 76, '12/28/2021', 1),
 (93, 94, '5/7/2021', 1),
 (100, 49, '10/8/2021', 1),
 (94, 14, '1/17/2022', 1),
 (10, 77, '1/9/2022', -1),
 (224, 3, '11/11/2021', 1),
 (265, 11, '4/3/2021', -1),
 (62, 43, '6/30/2021', -1),
 (279, 100, '11/5/2021', 1),
 (207, 96, '8/21/2021', 1),
 (111, 98, '10/2/2021', 1),
 (214, 39, '5/7/2021', 1),
 (12, 98, '11/17/2021', 1),
 (191, 100, '5/14/2021', -1),
 (197, 21, '11/19/2021', -1),
 (162, 6, '5/24/2021', -1),
 (190, 24, '11/27/2021', 1),
 (17, 76, '3/20/2021', 1),
 (158, 65, '3/22/2021', -1),
 (28, 14, '6/23/2021', 1),
 (201, 27, '1/21/2022', 1),
 (28, 31, '11/16/2021', 1),
 (254, 18, '11/19/2021', -1),
 (80, 64, '9/6/2021', -1),
 (180, 32, '2/23/2021', 1),
 (92, 13, '4/17/2021', -1),
 (213, 31, '2/25/2021', 1),
 (169, 39, '3/30/2021', 1),
 (48, 73, '9/21/2021', 1),
 (246, 96, '2/16/2021', 1),
 (83, 12, '7/31/2021', 1),
 (240, 30, '4/26/2021', 1),
 (219, 12, '3/21/2021', 1),
 (227, 73, '10/1/2021', 1),
 (273, 2, '5/27/2021', 1),
 (29, 31, '9/17/2021', 1),
 (255, 47, '11/3/2021', 1),
 (275, 97, '2/1/2022', 1),
 (41, 86, '7/30/2021', -1),
 (68, 88, '10/28/2021', 1),
 (49, 12, '6/29/2021', -1),
 (163, 38, '4/24/2021', -1),
 (280, 49, '6/4/2021', 1),
 (251, 99, '9/29/2021', 1),
 (32, 83, '8/19/2021', 1),
 (73, 11, '8/16/2021', 1),
 (244, 95, '4/16/2021', 1),
 (30, 39, '12/29/2021', -1),
 (58, 80, '2/20/2021', -1),
 (9, 41, '11/28/2021', 1),
 (290, 58, '4/20/2021', -1),
 (172, 81, '12/14/2021', -1),
 (12, 100, '7/12/2021', -1),
 (189, 57, '5/1/2021', 1),
 (100, 98, '7/22/2021', -1),
 (268, 19, '1/31/2022', -1),
 (165, 96, '2/1/2022', 1),
 (31, 47, '12/24/2021', -1),
 (50, 76, '11/10/2021', -1),
 (133, 8, '1/17/2022', 1),
 (120, 37, '2/13/2021', 1),
 (146, 57, '5/8/2021', 1),
 (50, 33, '10/25/2021', 1),
 (274, 80, '5/15/2021', 1),
 (157, 65, '10/31/2021', 1),
 (112, 31, '1/29/2022', 1),
 (46, 39, '3/12/2021', 1),
 (194, 83, '10/20/2021', 1),
 (15, 57, '8/28/2021', 1),
 (251, 43, '12/31/2021', 1),
 (265, 82, '7/13/2021', 1),
 (123, 21, '12/30/2021', 1),
 (63, 2, '12/4/2021', 1),
 (65, 14, '10/8/2021', 1),
 (224, 91, '9/18/2021', 1),
 (30, 22, '9/4/2021', 1),
 (274, 50, '3/24/2021', 1),
 (92, 52, '7/28/2021', 1),
 (207, 23, '6/6/2021', 1),
 (245, 34, '12/5/2021', -1),
 (164, 12, '5/31/2021', -1),
 (62, 81, '12/27/2021', 1),
 (44, 21, '6/19/2021', 1),
 (131, 82, '12/26/2021', 1),
 (198, 53, '4/26/2021', 1),
 (179, 32, '8/7/2021', 1),
 (260, 8, '9/18/2021', -1),
 (191, 80, '9/6/2021', 1),
 (241, 19, '1/16/2022', -1),
 (266, 81, '4/22/2021', 1),
 (21, 48, '8/18/2021', 1),
 (133, 7, '7/10/2021', 1),
 (5, 9, '4/27/2021', -1),
 (150, 13, '10/12/2021', 1),
 (72, 89, '4/11/2021', 1),
 (236, 62, '7/30/2021', 1),
 (289, 41, '9/4/2021', 1),
 (52, 19, '4/11/2021', 1),
 (256, 90, '11/17/2021', -1),
 (126, 27, '12/13/2021', 1),
 (180, 43, '11/13/2021', -1),
 (123, 20, '11/26/2021', 1),
 (144, 91, '2/27/2021', 1),
 (202, 55, '5/18/2021', -1),
 (196, 53, '1/3/2022', 1),
 (203, 30, '11/1/2021', 1),
 (109, 13, '1/12/2022', 1),
 (6, 82, '7/3/2021', 1),
 (15, 13, '4/13/2021', -1),
 (62, 77, '9/15/2021', 1),
 (52, 26, '12/10/2021', -1),
 (34, 68, '8/16/2021', 1),
 (276, 80, '2/2/2022', 1),
 (259, 81, '12/4/2021', 1),
 (284, 70, '10/26/2021', 1),
 (95, 17, '12/20/2021', -1),
 (68, 33, '5/6/2021', 1),
 (124, 66, '4/30/2021', -1),
 (143, 46, '2/3/2022', 1),
 (215, 94, '12/30/2021', 1),
 (265, 3, '11/14/2021', 1),
 (283, 58, '11/6/2021', -1),
 (12, 50, '10/5/2021', 1),
 (89, 81, '12/17/2021', 1),
 (145, 47, '8/22/2021', 1),
 (164, 84, '12/12/2021', -1),
 (65, 23, '1/18/2022', -1),
 (56, 90, '2/16/2021', -1),
 (53, 100, '7/29/2021', 1),
 (147, 17, '6/9/2021', -1),
 (133, 42, '8/4/2021', -1),
 (178, 17, '12/9/2021', 1),
 (13, 6, '8/8/2021', -1),
 (137, 48, '3/5/2021', -1),
 (73, 75, '9/7/2021', 1),
 (142, 53, '2/14/2021', 1),
 (123, 65, '6/9/2021', 1),
 (70, 30, '8/18/2021', 1),
 (69, 14, '6/21/2021', -1),
 (157, 49, '9/17/2021', 1),
 (185, 75, '3/27/2021', 1),
 (76, 6, '1/25/2022', 1),
 (145, 87, '9/25/2021', 1),
 (133, 85, '1/2/2022', 1),
 (209, 2, '1/17/2022', 1),
 (28, 50, '9/5/2021', 1),
 (79, 92, '3/28/2021', -1),
 (152, 23, '7/14/2021', 1),
 (259, 53, '3/30/2021', 1),
 (250, 57, '5/12/2021', -1),
 (25, 22, '5/12/2021', -1),
 (87, 68, '2/14/2021', -1),
 (157, 96, '3/24/2021', 1),
 (236, 47, '9/9/2021', 1),
 (77, 91, '1/27/2022', -1),
 (170, 84, '5/23/2021', 1),
 (272, 68, '5/29/2021', -1),
 (232, 79, '8/17/2021', -1),
 (88, 5, '8/14/2021', -1),
 (82, 20, '9/6/2021', -1),
 (137, 44, '6/29/2021', 1),
 (73, 32, '12/28/2021', -1),
 (14, 47, '4/2/2021', 1),
 (290, 4, '1/4/2022', -1),
 (68, 11, '7/30/2021', -1),
 (138, 14, '12/16/2021', -1),
 (200, 55, '6/1/2021', -1),
 (151, 98, '7/6/2021', -1),
 (225, 7, '8/16/2021', 1),
 (41, 14, '2/7/2021', 1),
 (234, 50, '12/2/2021', 1),
 (130, 80, '9/7/2021', 1),
 (192, 36, '1/25/2022', 1),
 (193, 76, '2/4/2022', 1),
 (266, 37, '1/3/2022', 1),
 (235, 60, '7/30/2021', 1),
 (154, 78, '11/15/2021', -1),
 (262, 67, '9/3/2021', 1),
 (93, 67, '7/24/2021', -1),
 (158, 8, '11/11/2021', 1),
 (34, 12, '9/28/2021', 1),
 (8, 32, '2/24/2021', 1),
 (10, 2, '9/18/2021', -1),
 (127, 36, '4/18/2021', 1),
 (128, 83, '9/1/2021', 1),
 (42, 59, '10/18/2021', -1),
 (29, 95, '11/30/2021', 1),
 (285, 20, '4/6/2021', -1),
 (170, 49, '5/14/2021', -1),
 (195, 47, '9/26/2021', -1),
 (84, 98, '10/2/2021', 1),
 (207, 4, '4/26/2021', 1),
 (190, 94, '9/1/2021', -1),
 (1, 68, '4/18/2021', 1),
 (263, 59, '2/4/2022', -1),
 (115, 70, '11/30/2021', 1),
 (225, 27, '11/21/2021', 1),
 (268, 35, '5/31/2021', 1),
 (295, 16, '2/7/2021', 1),
 (10, 88, '3/18/2021', 1),
 (200, 100, '11/22/2021', -1),
 (200, 1, '12/19/2021', -1),
 (220, 12, '3/22/2021', 1),
 (126, 99, '3/1/2021', 1),
 (291, 91, '4/21/2021', 1),
 (278, 5, '11/22/2021', -1),
 (196, 36, '12/10/2021', 1),
 (154, 95, '10/23/2021', -1),
 (120, 28, '8/9/2021', 1),
 (51, 85, '5/3/2021', 1),
 (38, 65, '12/31/2021', 1),
 (175, 36, '8/30/2021', 1),
 (6, 34, '12/27/2021', 1),
 (85, 33, '4/14/2021', 1),
 (209, 25, '2/8/2021', 1),
 (183, 1, '11/15/2021', -1),
 (272, 41, '8/19/2021', 1),
 (204, 86, '5/6/2021', 1),
 (238, 62, '1/2/2022', 1),
 (275, 93, '8/10/2021', 1),
 (79, 2, '12/15/2021', 1),
 (34, 97, '7/12/2021', -1),
 (6, 64, '9/21/2021', -1),
 (152, 74, '8/17/2021', 1),
 (271, 95, '7/25/2021', 1),
 (9, 10, '2/15/2021', -1),
 (41, 82, '5/3/2021', 1),
 (201, 71, '3/13/2021', 1),
 (28, 58, '5/17/2021', -1),
 (11, 64, '1/16/2022', 1),
 (72, 78, '6/21/2021', 1),
 (261, 66, '1/5/2022', 1),
 (274, 90, '1/2/2022', -1),
 (270, 1, '7/30/2021', 1),
 (203, 38, '8/23/2021', 1),
 (180, 49, '2/27/2021', -1),
 (239, 73, '8/14/2021', 1),
 (272, 88, '2/23/2021', 1),
 (194, 74, '5/26/2021', 1),
 (123, 85, '1/7/2022', 1),
 (103, 23, '12/5/2021', 1),
 (179, 26, '8/4/2021', 1),
 (116, 56, '6/2/2021', 1),
 (40, 54, '2/13/2021', 1),
 (228, 69, '8/31/2021', 1),
 (205, 59, '7/1/2021', 1),
 (264, 61, '12/1/2021', 1),
 (77, 10, '1/17/2022', 1),
 (24, 85, '1/10/2022', -1),
 (26, 23, '8/2/2021', 1),
 (81, 85, '5/25/2021', 1),
 (86, 81, '12/8/2021', 1),
 (288, 77, '5/13/2021', 1),
 (295, 56, '1/23/2022', 1),
 (129, 83, '9/17/2021', 1),
 (214, 98, '1/11/2022', -1),
 (175, 68, '1/21/2022', 1),
 (187, 97, '11/2/2021', -1),
 (246, 36, '10/5/2021', 1),
 (79, 86, '2/8/2021', 1),
 (94, 56, '9/2/2021', 1),
 (288, 33, '3/18/2021', 1),
 (3, 8, '9/2/2021', -1),
 (225, 88, '9/7/2021', 1),
 (80, 21, '10/19/2021', 1),
 (210, 14, '6/13/2021', 1),
 (236, 30, '1/25/2022', 1),
 (77, 56, '8/15/2021', -1),
 (43, 94, '8/18/2021', -1),
 (123, 16, '11/17/2021', -1),
 (137, 85, '12/10/2021', 1),
 (104, 58, '9/2/2021', 1),
 (180, 30, '10/2/2021', 1),
 (232, 37, '4/17/2021', 1),
 (295, 84, '12/15/2021', 1),
 (214, 94, '7/5/2021', -1),
 (44, 2, '6/9/2021', -1),
 (265, 12, '10/15/2021', -1),
 (90, 65, '6/18/2021', 1),
 (192, 3, '7/4/2021', 1),
 (256, 12, '1/12/2022', 1),
 (152, 11, '12/15/2021', 1),
 (247, 65, '12/14/2021', 1),
 (139, 84, '8/4/2021', 1),
 (70, 43, '6/21/2021', 1),
 (283, 82, '1/6/2022', 1),
 (162, 33, '9/7/2021', 1),
 (18, 65, '8/29/2021', 1),
 (104, 74, '2/9/2021', 1),
 (121, 44, '12/23/2021', -1),
 (159, 33, '4/5/2021', 1),
 (190, 81, '7/13/2021', 1),
 (10, 35, '8/31/2021', -1),
 (31, 90, '10/18/2021', -1),
 (268, 34, '5/29/2021', -1),
 (157, 78, '8/14/2021', -1),
 (95, 26, '4/15/2021', 1),
 (136, 39, '7/31/2021', 1),
 (211, 25, '7/13/2021', 1),
 (112, 95, '10/6/2021', 1),
 (121, 40, '6/30/2021', 1),
 (263, 40, '3/13/2021', 1),
 (39, 13, '5/20/2021', -1),
 (167, 55, '10/14/2021', 1),
 (102, 94, '4/28/2021', 1),
 (247, 81, '6/20/2021', 1),
 (51, 52, '8/31/2021', -1),
 (115, 2, '10/27/2021', 1),
 (221, 79, '3/19/2021', 1),
 (240, 36, '11/15/2021', -1),
 (76, 15, '8/8/2021', -1),
 (290, 49, '7/11/2021', -1),
 (214, 35, '11/6/2021', 1),
 (202, 83, '11/26/2021', -1),
 (146, 43, '4/21/2021', -1),
 (88, 70, '8/24/2021', 1),
 (188, 3, '11/7/2021', -1),
 (128, 69, '9/19/2021', 1),
 (267, 55, '3/18/2021', 1),
 (187, 38, '10/25/2021', -1),
 (242, 63, '2/16/2021', 1),
 (177, 19, '9/2/2021', 1),
 (110, 38, '2/28/2021', 1),
 (234, 23, '8/14/2021', 1),
 (133, 12, '11/6/2021', 1),
 (265, 62, '3/2/2021', 1),
 (108, 69, '7/2/2021', 1),
 (274, 62, '5/18/2021', 1),
 (154, 98, '8/5/2021', 1),
 (109, 26, '2/17/2021', -1),
 (49, 23, '6/5/2021', 1),
 (74, 63, '8/27/2021', 1),
 (217, 82, '4/19/2021', 1),
 (166, 85, '5/26/2021', -1),
 (145, 14, '7/9/2021', 1),
 (114, 69, '5/11/2021', -1),
 (53, 33, '12/14/2021', 1),
 (33, 93, '2/9/2021', 1),
 (154, 91, '8/4/2021', 1),
 (244, 71, '8/5/2021', 1),
 (30, 72, '3/29/2021', 1),
 (225, 25, '11/22/2021', 1),
 (88, 7, '2/15/2021', -1),
 (2, 2, '7/9/2021', -1),
 (35, 1, '6/12/2021', -1),
 (263, 88, '3/29/2021', 1),
 (57, 23, '9/12/2021', 1),
 (19, 92, '4/30/2021', 1),
 (18, 8, '1/23/2022', 1),
 (110, 41, '7/16/2021', 1),
 (146, 31, '1/5/2022', 1),
 (262, 43, '11/14/2021', 1),
 (40, 53, '9/29/2021', 1),
 (21, 30, '10/16/2021', -1),
 (89, 41, '11/7/2021', 1),
 (87, 26, '6/19/2021', 1),
 (173, 52, '7/29/2021', 1),
 (99, 35, '9/7/2021', 1),
 (279, 41, '7/27/2021', -1),
 (185, 67, '4/17/2021', 1),
 (252, 4, '3/2/2021', 1),
 (7, 63, '6/15/2021', 1),
 (204, 50, '3/8/2021', -1),
 (12, 13, '9/13/2021', 1),
 (282, 78, '2/6/2022', 1),
 (239, 33, '8/28/2021', 1),
 (245, 43, '9/14/2021', -1),
 (118, 84, '10/14/2021', -1),
 (146, 80, '8/11/2021', 1),
 (209, 82, '6/9/2021', -1),
 (201, 36, '3/28/2021', -1),
 (225, 93, '4/30/2021', -1),
 (59, 48, '8/21/2021', 1),
 (87, 3, '1/27/2022', 1),
 (163, 15, '7/16/2021', -1),
 (100, 19, '11/24/2021', -1),
 (79, 96, '6/8/2021', -1),
 (281, 71, '7/9/2021', 1),
 (264, 3, '7/21/2021', 1),
 (149, 8, '3/30/2021', 1),
 (165, 39, '11/23/2021', 1),
 (162, 71, '2/15/2021', 1),
 (226, 21, '9/16/2021', -1),
 (234, 51, '4/13/2021', 1),
 (289, 7, '10/20/2021', 1),
 (168, 80, '2/25/2021', -1),
 (216, 66, '5/18/2021', -1),
 (208, 77, '7/26/2021', 1),
 (115, 89, '4/12/2021', 1),
 (210, 92, '6/30/2021', -1),
 (74, 76, '1/18/2022', 1),
 (212, 47, '11/21/2021', -1),
 (256, 85, '10/11/2021', -1),
 (237, 66, '2/22/2021', 1),
 (255, 48, '4/4/2021', -1),
 (142, 95, '3/13/2021', 1),
 (74, 59, '11/7/2021', 1),
 (10, 11, '4/3/2021', 1),
 (9, 100, '7/15/2021', 1),
 (47, 75, '2/5/2022', -1),
 (8, 75, '3/16/2021', 1),
 (46, 55, '10/20/2021', 1),
 (174, 26, '11/9/2021', 1),
 (6, 6, '7/27/2021', 1),
 (107, 32, '2/24/2021', 1),
 (1, 59, '12/15/2021', 1),
 (47, 52, '2/1/2022', 1),
 (177, 10, '6/3/2021', 1),
 (245, 81, '12/23/2021', -1),
 (101, 26, '11/15/2021', 1),
 (36, 36, '4/15/2021', 1),
 (191, 56, '5/18/2021', 1),
 (169, 70, '8/2/2021', 1),
 (109, 5, '9/29/2021', -1),
 (282, 54, '9/2/2021', -1),
 (7, 6, '12/4/2021', -1),
 (151, 11, '3/20/2021', 1),
 (242, 31, '4/12/2021', 1),
 (65, 69, '9/2/2021', 1),
 (104, 90, '3/24/2021', 1),
 (198, 49, '4/25/2021', -1),
 (234, 30, '7/1/2021', 1),
 (269, 15, '8/28/2021', 1),
 (199, 21, '9/30/2021', 1),
 (188, 87, '8/18/2021', 1),
 (81, 52, '7/22/2021', 1),
 (37, 99, '2/12/2021', -1),
 (172, 88, '9/30/2021', -1),
 (213, 1, '8/25/2021', -1),
 (51, 69, '4/3/2021', -1),
 (81, 48, '8/22/2021', 1),
 (3, 90, '12/12/2021', 1),
 (68, 80, '10/23/2021', 1),
 (150, 52, '11/6/2021', 1),
 (71, 27, '11/16/2021', -1),
 (135, 81, '1/23/2022', 1),
 (43, 38, '7/13/2021', 1),
 (75, 67, '3/26/2021', -1),
 (211, 82, '12/11/2021', 1),
 (258, 98, '6/6/2021', 1),
 (52, 15, '11/15/2021', -1),
 (52, 70, '6/26/2021', 1),
 (243, 64, '2/6/2022', 1),
 (68, 78, '11/2/2021', 1),
 (33, 72, '8/31/2021', -1),
 (178, 80, '7/8/2021', -1),
 (277, 49, '2/16/2021', 1),
 (83, 38, '4/28/2021', -1),
 (108, 70, '11/11/2021', 1),
 (114, 34, '7/3/2021', -1),
 (117, 46, '5/24/2021', 1),
 (74, 62, '11/15/2021', 1),
 (76, 35, '2/28/2021', 1),
 (226, 61, '11/8/2021', 1),
 (146, 87, '9/23/2021', -1),
 (130, 39, '8/28/2021', -1),
 (138, 20, '9/1/2021', 1),
 (52, 28, '1/15/2022', -1),
 (68, 90, '5/22/2021', 1),
 (145, 24, '8/14/2021', -1),
 (260, 18, '11/10/2021', 1),
 (74, 87, '9/11/2021', 1),
 (165, 51, '3/10/2021', -1),
 (269, 32, '7/9/2021', -1),
 (107, 31, '8/17/2021', 1),
 (183, 49, '10/31/2021', 1),
 (66, 74, '9/24/2021', 1),
 (37, 31, '1/11/2022', -1),
 (254, 44, '4/25/2021', 1),
 (183, 92, '2/24/2021', 1),
 (99, 95, '5/31/2021', 1),
 (235, 54, '6/15/2021', 1),
 (85, 68, '3/10/2021', 1),
 (28, 100, '9/15/2021', -1),
 (112, 38, '10/16/2021', 1),
 (79, 80, '5/4/2021', 1),
 (236, 85, '1/25/2022', -1),
 (86, 76, '9/3/2021', -1),
 (279, 10, '7/11/2021', 1),
 (120, 22, '6/13/2021', -1),
 (22, 85, '9/17/2021', -1),
 (182, 25, '7/11/2021', 1),
 (70, 53, '10/16/2021', -1),
 (16, 95, '3/16/2021', 1),
 (200, 15, '8/15/2021', 1),
 (25, 37, '7/7/2021', 1),
 (156, 1, '2/12/2021', 1),
 (192, 43, '5/7/2021', -1),
 (249, 16, '12/11/2021', 1),
 (213, 68, '5/23/2021', 1),
 (269, 12, '10/26/2021', 1),
 (55, 8, '9/21/2021', -1),
 (70, 46, '9/1/2021', 1),
 (187, 91, '11/11/2021', -1),
 (88, 19, '7/14/2021', 1),
 (174, 78, '6/28/2021', 1),
 (210, 56, '10/21/2021', 1),
 (108, 52, '7/6/2021', 1),
 (141, 26, '12/11/2021', 1),
 (11, 83, '1/17/2022', -1),
 (286, 91, '10/17/2021', -1),
 (248, 69, '3/8/2021', 1),
 (227, 5, '7/31/2021', 1),
 (91, 54, '3/21/2021', -1),
 (90, 67, '8/28/2021', 1),
 (45, 93, '7/20/2021', 1),
 (293, 18, '12/2/2021', 1),
 (18, 50, '5/16/2021', -1),
 (17, 14, '2/1/2022', 1),
 (35, 27, '11/9/2021', 1),
 (61, 76, '1/31/2022', 1),
 (179, 68, '3/10/2021', -1),
 (63, 66, '10/22/2021', -1),
 (14, 25, '3/28/2021', 1),
 (57, 72, '7/7/2021', -1),
 (129, 17, '1/25/2022', 1),
 (165, 63, '12/27/2021', 1),
 (46, 95, '3/26/2021', 1),
 (7, 65, '5/17/2021', 1),
 (256, 21, '10/13/2021', -1),
 (151, 76, '11/17/2021', 1),
 (250, 13, '1/6/2022', 1),
 (289, 27, '8/23/2021', 1),
 (279, 50, '6/3/2021', 1),
 (50, 57, '8/19/2021', 1),
 (149, 73, '10/19/2021', 1),
 (210, 51, '10/5/2021', -1),
 (59, 25, '7/3/2021', 1),
 (114, 29, '9/18/2021', -1),
 (156, 58, '6/19/2021', 1),
 (107, 39, '11/17/2021', -1),
 (193, 68, '2/7/2021', 1),
 (218, 68, '6/2/2021', 1),
 (42, 58, '5/26/2021', 1),
 (136, 75, '7/3/2021', 1),
 (283, 4, '6/9/2021', -1),
 (51, 49, '1/21/2022', 1),
 (56, 92, '11/21/2021', -1),
 (109, 96, '4/6/2021', -1),
 (16, 24, '4/1/2021', 1),
 (143, 20, '3/18/2021', -1),
 (83, 63, '3/5/2021', 1),
 (82, 77, '1/8/2022', 1),
 (254, 95, '10/23/2021', -1),
 (178, 60, '7/27/2021', 1),
 (273, 58, '9/6/2021', 1),
 (225, 97, '10/3/2021', 1),
 (77, 51, '7/5/2021', 1),
 (5, 34, '12/7/2021', 1),
 (36, 53, '8/27/2021', 1),
 (148, 49, '12/18/2021', 1),
 (149, 61, '11/21/2021', -1),
 (150, 70, '12/3/2021', -1),
 (16, 1, '11/30/2021', 1),
 (219, 51, '6/6/2021', 1),
 (15, 33, '12/7/2021', 1),
 (277, 74, '7/17/2021', -1),
 (198, 95, '11/11/2021', 1),
 (92, 87, '7/25/2021', 1),
 (254, 83, '3/27/2021', -1),
 (259, 20, '2/13/2021', -1),
 (119, 40, '12/10/2021', 1),
 (215, 33, '7/24/2021', 1),
 (103, 58, '9/28/2021', 1),
 (203, 70, '6/22/2021', 1),
 (128, 54, '2/10/2021', 1),
 (102, 90, '7/16/2021', -1),
 (28, 91, '10/27/2021', 1),
 (39, 66, '9/18/2021', 1),
 (177, 46, '3/11/2021', 1),
 (67, 39, '5/21/2021', -1),
 (294, 3, '4/25/2021', 1),
 (284, 51, '3/23/2021', 1),
 (14, 83, '1/26/2022', 1),
 (78, 46, '5/6/2021', -1),
 (185, 16, '2/25/2021', 1),
 (110, 47, '10/16/2021', 1),
 (204, 76, '3/29/2021', 1),
 (41, 11, '11/29/2021', -1),
 (259, 50, '12/18/2021', -1),
 (115, 98, '6/10/2021', 1),
 (51, 37, '12/2/2021', -1),
 (16, 74, '3/17/2021', 1),
 (231, 42, '9/3/2021', -1),
 (266, 57, '10/5/2021', 1),
 (164, 87, '3/17/2021', 1),
 (194, 3, '5/2/2021', -1),
 (220, 10, '10/22/2021', 1),
 (14, 53, '7/1/2021', 1),
 (268, 93, '11/4/2021', 1),
 (254, 53, '11/18/2021', 1),
 (258, 84, '2/21/2021', -1),
 (67, 54, '1/11/2022', 1),
 (61, 51, '7/17/2021', 1),
 (190, 71, '12/5/2021', 1),
 (27, 28, '10/10/2021', -1),
 (37, 54, '4/24/2021', -1),
 (246, 90, '11/27/2021', -1),
 (121, 47, '3/18/2021', 1),
 (52, 9, '8/7/2021', -1),
 (12, 92, '1/3/2022', 1),
 (42, 71, '3/14/2021', 1),
 (7, 49, '11/17/2021', 1),
 (109, 68, '10/20/2021', 1),
 (248, 94, '8/16/2021', 1),
 (261, 1, '11/3/2021', 1),
 (124, 31, '1/12/2022', -1),
 (55, 70, '11/13/2021', -1),
 (90, 50, '12/28/2021', 1),
 (142, 18, '2/21/2021', 1),
 (13, 93, '7/28/2021', 1),
 (19, 70, '4/8/2021', -1),
 (253, 21, '10/15/2021', 1),
 (98, 20, '9/19/2021', -1),
 (242, 94, '1/12/2022', -1),
 (29, 34, '5/13/2021', 1),
 (112, 37, '2/1/2022', 1),
 (30, 97, '9/8/2021', 1),
 (59, 79, '8/29/2021', -1),
 (201, 58, '2/18/2021', -1),
 (94, 91, '6/13/2021', 1),
 (259, 23, '5/10/2021', 1),
 (46, 94, '12/1/2021', 1),
 (95, 31, '4/2/2021', -1),
 (286, 39, '11/22/2021', 1),
 (133, 71, '5/22/2021', 1),
 (5, 12, '10/10/2021', -1),
 (16, 87, '4/6/2021', 1),
 (94, 23, '10/21/2021', 1),
 (224, 86, '12/19/2021', -1),
 (158, 15, '8/13/2021', 1),
 (72, 82, '12/30/2021', 1),
 (23, 86, '6/19/2021', -1),
 (270, 31, '8/11/2021', 1),
 (101, 34, '10/14/2021', 1),
 (254, 59, '2/15/2021', 1),
 (156, 95, '9/21/2021', 1),
 (246, 61, '8/10/2021', 1),
 (193, 23, '4/4/2021', 1),
 (239, 46, '9/7/2021', 1),
 (178, 7, '5/7/2021', -1),
 (258, 82, '3/25/2021', 1),
 (144, 80, '11/7/2021', -1),
 (255, 22, '11/21/2021', -1),
 (28, 37, '4/6/2021', 1),
 (125, 51, '11/18/2021', 1),
 (32, 97, '12/9/2021', -1),
 (17, 23, '11/8/2021', 1),
 (90, 4, '8/6/2021', -1),
 (39, 8, '12/30/2021', 1),
 (98, 92, '12/24/2021', 1),
 (210, 36, '12/13/2021', 1),
 (202, 94, '1/3/2022', 1),
 (66, 14, '6/14/2021', 1),
 (208, 7, '10/18/2021', 1),
 (252, 60, '5/2/2021', -1),
 (229, 24, '10/24/2021', -1),
 (213, 29, '7/17/2021', 1),
 (270, 99, '6/27/2021', 1),
 (99, 41, '3/7/2021', 1),
 (205, 93, '10/21/2021', 1),
 (248, 95, '6/4/2021', -1),
 (37, 84, '3/19/2021', 1),
 (104, 98, '5/16/2021', -1),
 (194, 78, '5/19/2021', 1),
 (123, 52, '10/2/2021', -1),
 (226, 73, '11/27/2021', 1),
 (105, 93, '11/21/2021', 1),
 (179, 77, '9/15/2021', -1),
 (125, 13, '2/19/2021', 1),
 (250, 51, '11/11/2021', 1),
 (57, 71, '3/31/2021', 1),
 (295, 70, '9/13/2021', 1),
 (65, 10, '2/17/2021', 1),
 (267, 94, '9/12/2021', -1),
 (55, 39, '8/26/2021', 1),
 (117, 64, '8/23/2021', -1),
 (176, 74, '5/13/2021', -1),
 (248, 80, '12/30/2021', -1),
 (61, 95, '8/3/2021', 1),
 (254, 25, '1/25/2022', 1),
 (6, 57, '9/19/2021', 1),
 (295, 47, '3/14/2021', 1),
 (296, 32, '5/3/2021', -1),
 (2, 12, '4/30/2021', 1),
 (271, 98, '11/30/2021', -1),
 (37, 57, '10/16/2021', 1),
 (142, 36, '4/1/2021', 1),
 (44, 5, '1/19/2022', 1),
 (291, 50, '2/20/2021', 1),
 (111, 55, '3/28/2021', 1),
 (74, 18, '4/12/2021', -1),
 (4, 18, '1/12/2022', 1),
 (24, 18, '8/13/2021', 1),
 (5, 26, '10/27/2021', 1),
 (88, 58, '2/20/2021', 1),
 (132, 98, '6/14/2021', -1),
 (64, 45, '11/19/2021', -1),
 (280, 31, '3/15/2021', 1),
 (153, 24, '2/24/2021', 1),
 (88, 57, '6/11/2021', 1),
 (278, 81, '1/26/2022', 1),
 (15, 49, '5/9/2021', 1),
 (295, 100, '1/19/2022', -1),
 (159, 24, '8/5/2021', 1),
 (136, 25, '7/7/2021', -1),
 (23, 65, '6/13/2021', 1),
 (172, 17, '1/2/2022', 1),
 (125, 2, '5/13/2021', -1),
 (34, 13, '4/21/2021', -1),
 (111, 61, '7/13/2021', 1),
 (78, 39, '9/29/2021', -1),
 (286, 61, '11/11/2021', 1),
 (232, 80, '8/10/2021', 1),
 (63, 53, '12/4/2021', -1),
 (95, 96, '6/13/2021', 1),
 (182, 82, '6/14/2021', -1),
 (35, 67, '11/20/2021', 1),
 (127, 38, '9/5/2021', 1),
 (97, 40, '1/11/2022', -1),
 (210, 68, '6/11/2021', -1),
 (104, 94, '6/27/2021', 1),
 (102, 79, '10/25/2021', 1),
 (206, 51, '12/20/2021', 1),
 (228, 64, '4/27/2021', -1),
 (157, 48, '2/8/2021', 1),
 (58, 25, '2/15/2021', 1),
 (288, 96, '9/8/2021', -1),
 (69, 39, '5/11/2021', 1),
 (166, 17, '3/19/2021', -1),
 (45, 6, '7/3/2021', 1),
 (253, 68, '9/29/2021', -1),
 (171, 26, '4/26/2021', -1),
 (191, 20, '12/18/2021', 1),
 (55, 88, '1/11/2022', -1),
 (100, 3, '7/12/2021', 1),
 (280, 85, '9/23/2021', -1),
 (61, 64, '1/27/2022', -1),
 (237, 16, '10/7/2021', 1),
 (78, 33, '1/18/2022', 1),
 (256, 28, '12/11/2021', 1),
 (198, 38, '8/28/2021', -1),
 (163, 46, '11/13/2021', -1),
 (9, 70, '2/3/2022', 1),
 (238, 53, '2/18/2021', 1),
 (217, 43, '11/4/2021', -1),
 (163, 64, '4/25/2021', -1),
 (142, 71, '7/4/2021', 1),
 (197, 22, '1/30/2022', 1),
 (154, 99, '3/26/2021', 1),
 (151, 83, '7/8/2021', 1),
 (277, 27, '11/28/2021', 1),
 (98, 67, '7/3/2021', 1),
 (173, 34, '1/31/2022', 1),
 (186, 23, '3/8/2021', -1),
 (101, 21, '9/1/2021', -1),
 (18, 88, '7/1/2021', -1),
 (133, 28, '9/23/2021', 1),
 (38, 54, '2/2/2022', -1),
 (88, 37, '1/24/2022', 1),
 (27, 11, '7/15/2021', -1),
 (72, 96, '3/21/2021', -1),
 (69, 55, '11/14/2021', -1),
 (15, 53, '7/10/2021', 1),
 (13, 86, '7/8/2021', 1),
 (50, 2, '5/31/2021', 1),
 (257, 72, '3/24/2021', 1),
 (47, 80, '2/26/2021', 1),
 (229, 58, '8/18/2021', 1),
 (201, 9, '7/20/2021', -1),
 (268, 56, '4/3/2021', 1),
 (84, 48, '6/1/2021', -1),
 (257, 33, '5/31/2021', 1),
 (279, 24, '3/16/2021', -1),
 (288, 7, '7/22/2021', 1),
 (62, 34, '4/30/2021', -1),
 (186, 15, '2/15/2021', 1),
 (75, 5, '6/11/2021', 1),
 (271, 42, '7/6/2021', 1),
 (254, 37, '5/29/2021', 1),
 (221, 9, '3/6/2021', 1),
 (4, 83, '12/11/2021', 1),
 (176, 35, '3/12/2021', 1),
 (173, 93, '9/3/2021', 1),
 (196, 89, '11/19/2021', 1),
 (101, 79, '6/8/2021', -1),
 (127, 3, '1/2/2022', -1),
 (128, 99, '11/5/2021', 1),
 (108, 45, '10/1/2021', 1),
 (70, 62, '5/18/2021', 1),
 (19, 51, '7/31/2021', 1),
 (110, 63, '5/2/2021', 1),
 (87, 22, '11/22/2021', 1),
 (115, 44, '2/5/2022', 1),
 (207, 68, '3/19/2021', 1),
 (227, 26, '2/1/2022', 1),
 (48, 70, '3/16/2021', -1),
 (32, 43, '5/10/2021', 1),
 (21, 90, '2/13/2021', -1),
 (105, 37, '3/30/2021', 1),
 (38, 51, '8/20/2021', 1),
 (277, 5, '10/29/2021', 1),
 (30, 92, '5/21/2021', 1),
 (142, 41, '8/27/2021', 1),
 (197, 42, '4/14/2021', 1),
 (80, 15, '12/28/2021', 1),
 (245, 12, '9/1/2021', 1),
 (183, 67, '11/22/2021', 1),
 (253, 100, '9/30/2021', -1),
 (157, 29, '11/25/2021', 1),
 (111, 89, '4/27/2021', 1),
 (259, 63, '7/19/2021', 1),
 (160, 17, '8/27/2021', 1),
 (7, 83, '12/30/2021', 1),
 (14, 76, '10/12/2021', 1),
 (147, 91, '1/22/2022', -1),
 (270, 73, '11/20/2021', 1),
 (266, 66, '7/30/2021', 1),
 (2, 31, '11/4/2021', 1),
 (218, 44, '3/19/2021', 1),
 (223, 31, '9/17/2021', 1),
 (185, 15, '9/7/2021', 1),
 (254, 80, '10/14/2021', -1),
 (16, 57, '4/1/2021', 1),
 (145, 85, '4/2/2021', -1),
 (277, 20, '2/23/2021', 1),
 (191, 97, '11/6/2021', 1),
 (155, 83, '9/14/2021', -1),
 (178, 5, '5/28/2021', 1),
 (120, 47, '4/30/2021', -1),
 (186, 43, '10/20/2021', -1),
 (260, 100, '9/18/2021', 1),
 (65, 22, '10/24/2021', 1),
 (132, 28, '2/24/2021', 1),
 (208, 48, '7/26/2021', 1),
 (69, 17, '3/26/2021', 1),
 (90, 72, '11/4/2021', 1),
 (243, 31, '1/26/2022', -1),
 (64, 15, '7/17/2021', 1),
 (77, 2, '5/9/2021', 1),
 (268, 75, '1/16/2022', -1),
 (72, 85, '3/10/2021', -1),
 (77, 36, '9/29/2021', 1),
 (60, 70, '11/4/2021', 1),
 (86, 45, '8/9/2021', -1),
 (152, 5, '7/20/2021', 1),
 (66, 42, '2/9/2021', 1),
 (204, 98, '7/20/2021', 1),
 (9, 60, '10/11/2021', 1),
 (227, 54, '12/7/2021', 1),
 (15, 93, '2/21/2021', 1),
 (210, 94, '3/13/2021', 1),
 (169, 12, '9/8/2021', 1),
 (80, 32, '11/6/2021', 1),
 (110, 16, '11/14/2021', -1),
 (24, 77, '9/30/2021', 1),
 (46, 36, '2/24/2021', 1),
 (155, 92, '1/15/2022', 1),
 (200, 72, '6/21/2021', 1),
 (158, 29, '9/14/2021', 1),
 (39, 76, '6/26/2021', -1),
 (127, 80, '12/28/2021', 1),
 (279, 9, '2/18/2021', -1),
 (173, 26, '1/24/2022', -1),
 (131, 48, '11/20/2021', -1),
 (136, 88, '12/29/2021', -1),
 (176, 49, '1/18/2022', -1),
 (12, 63, '3/31/2021', 1),
 (7, 21, '5/4/2021', 1),
 (33, 29, '3/5/2021', -1),
 (2, 83, '5/19/2021', -1),
 (288, 64, '5/14/2021', 1),
 (76, 83, '2/28/2021', 1),
 (176, 69, '6/1/2021', -1),
 (36, 33, '12/1/2021', 1),
 (288, 20, '5/20/2021', 1),
 (195, 64, '1/18/2022', -1),
 (39, 82, '5/26/2021', -1),
 (165, 68, '5/13/2021', 1),
 (250, 71, '7/5/2021', 1),
 (227, 17, '9/17/2021', -1),
 (228, 7, '11/28/2021', 1),
 (155, 58, '12/22/2021', 1),
 (91, 20, '1/9/2022', 1),
 (56, 33, '1/30/2022', 1),
 (102, 62, '1/12/2022', 1),
 (167, 87, '6/11/2021', 1),
 (95, 8, '5/19/2021', 1),
 (80, 61, '1/18/2022', 1),
 (274, 63, '2/8/2021', 1),
 (137, 70, '2/24/2021', 1),
 (262, 62, '5/15/2021', 1),
 (12, 90, '9/15/2021', 1),
 (59, 33, '7/10/2021', 1),
 (259, 26, '3/3/2021', 1),
 (191, 88, '6/16/2021', -1),
 (56, 71, '8/13/2021', -1),
 (31, 93, '12/2/2021', 1),
 (205, 61, '12/2/2021', -1),
 (90, 88, '11/1/2021', -1),
 (265, 36, '12/19/2021', 1),
 (244, 82, '5/31/2021', -1),
 (41, 41, '12/1/2021', 1),
 (8, 85, '12/28/2021', 1),
 (219, 99, '12/5/2021', 1),
 (6, 5, '11/4/2021', 1),
 (148, 66, '7/13/2021', 1),
 (203, 24, '2/15/2021', 1),
 (112, 15, '3/31/2021', 1),
 (12, 84, '10/11/2021', 1),
 (99, 4, '9/25/2021', 1),
 (191, 51, '3/29/2021', 1),
 (63, 20, '11/3/2021', 1),
 (22, 39, '10/24/2021', 1),
 (8, 48, '11/11/2021', 1),
 (39, 70, '5/8/2021', 1),
 (46, 70, '3/31/2021', -1),
 (222, 15, '12/12/2021', 1),
 (69, 79, '3/8/2021', -1),
 (21, 10, '11/20/2021', 1),
 (134, 90, '3/17/2021', 1),
 (247, 68, '11/27/2021', -1),
 (252, 38, '12/5/2021', 1),
 (114, 5, '11/4/2021', 1),
 (48, 9, '5/28/2021', 1),
 (251, 86, '8/28/2021', -1),
 (221, 11, '5/3/2021', 1),
 (252, 33, '6/12/2021', 1),
 (77, 53, '1/9/2022', 1),
 (149, 47, '3/1/2021', -1),
 (40, 28, '5/23/2021', 1),
 (192, 37, '2/19/2021', 1),
 (284, 21, '9/24/2021', 1),
 (151, 13, '11/12/2021', 1),
 (261, 71, '12/8/2021', 1),
 (32, 66, '7/23/2021', 1),
 (170, 23, '3/29/2021', 1),
 (60, 15, '12/12/2021', 1),
 (229, 6, '2/9/2021', -1),
 (126, 36, '5/28/2021', 1),
 (93, 90, '9/20/2021', 1),
 (72, 84, '8/16/2021', 1),
 (69, 89, '2/24/2021', 1),
 (203, 85, '3/12/2021', -1),
 (94, 78, '7/6/2021', 1),
 (151, 61, '11/6/2021', -1),
 (107, 45, '3/16/2021', 1),
 (63, 77, '12/6/2021', -1),
 (94, 66, '9/20/2021', 1),
 (270, 94, '6/26/2021', 1),
 (166, 34, '10/1/2021', -1),
 (98, 35, '5/29/2021', 1),
 (133, 67, '5/26/2021', 1),
 (72, 49, '5/2/2021', 1),
 (174, 9, '8/13/2021', 1),
 (63, 63, '4/23/2021', -1),
 (129, 98, '8/18/2021', 1),
 (139, 18, '1/9/2022', 1),
 (61, 36, '3/15/2021', -1),
 (1, 49, '10/26/2021', 1),
 (29, 76, '7/29/2021', 1),
 (159, 17, '6/27/2021', 1),
 (169, 96, '8/28/2021', -1),
 (166, 61, '3/29/2021', 1),
 (50, 60, '4/16/2021', 1),
 (136, 62, '5/6/2021', -1),
 (282, 60, '7/15/2021', 1),
 (34, 4, '4/2/2021', -1),
 (213, 30, '3/6/2021', 1),
 (184, 28, '2/7/2021', 1),
 (58, 23, '6/8/2021', 1),
 (37, 37, '8/31/2021', 1),
 (90, 1, '9/26/2021', 1),
 (191, 52, '7/14/2021', 1),
 (166, 55, '12/20/2021', 1),
 (42, 35, '11/11/2021', 1),
 (23, 64, '8/28/2021', -1),
 (197, 2, '9/26/2021', 1),
 (45, 79, '2/20/2021', 1),
 (134, 12, '3/17/2021', 1),
 (51, 35, '10/25/2021', -1),
 (10, 98, '1/15/2022', 1),
 (100, 96, '5/30/2021', 1),
 (194, 100, '10/18/2021', 1),
 (38, 45, '7/8/2021', 1),
 (123, 70, '12/25/2021', 1),
 (213, 58, '3/13/2021', 1),
 (170, 35, '3/3/2021', 1),
 (285, 27, '10/18/2021', 1),
 (166, 38, '6/29/2021', 1),
 (292, 61, '6/28/2021', -1),
 (132, 99, '12/30/2021', 1),
 (213, 15, '10/29/2021', 1),
 (128, 39, '12/17/2021', 1),
 (9, 75, '9/8/2021', 1),
 (123, 49, '6/23/2021', 1),
 (102, 7, '1/28/2022', -1),
 (248, 43, '8/3/2021', 1),
 (196, 56, '12/21/2021', 1),
 (186, 61, '9/23/2021', -1),
 (62, 57, '9/10/2021', -1),
 (238, 67, '1/8/2022', -1),
 (14, 60, '3/21/2021', 1),
 (273, 99, '5/22/2021', -1),
 (278, 42, '10/27/2021', 1),
 (289, 35, '1/3/2022', 1),
 (279, 42, '8/13/2021', -1),
 (257, 97, '3/4/2021', 1),
 (260, 89, '8/24/2021', 1),
 (27, 1, '2/15/2021', 1),
 (270, 67, '2/18/2021', 1),
 (151, 50, '3/9/2021', 1),
 (147, 59, '2/7/2021', 1),
 (40, 34, '5/20/2021', 1),
 (158, 83, '8/30/2021', 1),
 (22, 24, '10/30/2021', 1),
 (282, 69, '3/2/2021', 1),
 (181, 44, '10/3/2021', 1),
 (242, 92, '11/8/2021', -1),
 (244, 25, '3/10/2021', -1),
 (280, 89, '3/21/2021', -1),
 (272, 22, '3/6/2021', 1),
 (211, 90, '12/4/2021', -1),
 (125, 40, '4/13/2021', 1),
 (68, 27, '9/2/2021', 1),
 (261, 88, '12/24/2021', 1),
 (153, 9, '5/27/2021', -1),
 (184, 1, '2/9/2021', -1),
 (103, 9, '12/8/2021', 1),
 (177, 63, '2/24/2021', -1),
 (113, 72, '4/21/2021', -1),
 (47, 36, '6/19/2021', 1),
 (185, 69, '10/1/2021', 1),
 (105, 23, '4/15/2021', -1),
 (270, 25, '6/22/2021', 1),
 (249, 6, '10/10/2021', -1),
 (217, 12, '7/25/2021', -1),
 (56, 69, '12/6/2021', 1),
 (255, 88, '3/24/2021', -1),
 (196, 34, '4/8/2021', 1),
 (183, 22, '10/18/2021', 1),
 (228, 95, '4/15/2021', 1),
 (29, 48, '1/12/2022', -1),
 (212, 29, '8/8/2021', -1),
 (98, 99, '7/7/2021', 1),
 (240, 94, '7/10/2021', 1),
 (59, 59, '4/1/2021', 1),
 (140, 36, '6/6/2021', -1),
 (27, 75, '12/14/2021', 1),
 (7, 89, '6/28/2021', 1),
 (101, 5, '1/11/2022', 1),
 (14, 54, '3/14/2021', 1),
 (204, 42, '6/1/2021', 1),
 (115, 7, '3/22/2021', -1),
 (292, 81, '7/31/2021', 1),
 (268, 46, '2/25/2021', -1),
 (52, 1, '6/10/2021', 1),
 (176, 83, '6/25/2021', 1),
 (185, 22, '7/16/2021', -1),
 (237, 96, '1/12/2022', 1),
 (281, 48, '10/2/2021', -1),
 (123, 61, '1/5/2022', -1),
 (223, 35, '7/23/2021', -1),
 (204, 80, '9/13/2021', -1),
 (257, 76, '9/11/2021', -1),
 (159, 45, '11/23/2021', 1),
 (286, 17, '1/4/2022', 1),
 (217, 66, '10/7/2021', 1),
 (271, 65, '3/16/2021', -1),
 (138, 48, '3/6/2021', 1),
 (236, 16, '8/5/2021', 1),
 (43, 12, '5/2/2021', -1),
 (103, 73, '9/14/2021', 1),
 (155, 7, '9/25/2021', 1),
 (9, 34, '6/26/2021', 1),
 (119, 28, '11/17/2021', 1),
 (15, 12, '10/22/2021', 1),
 (79, 57, '12/19/2021', 1),
 (34, 53, '4/23/2021', 1),
 (6, 36, '3/18/2021', 1),
 (207, 64, '10/13/2021', -1),
 (25, 21, '6/12/2021', -1),
 (161, 19, '2/4/2022', -1),
 (245, 62, '7/17/2021', -1),
 (110, 7, '3/27/2021', 1),
 (196, 99, '11/26/2021', -1),
 (116, 15, '1/23/2022', -1),
 (202, 87, '3/15/2021', 1),
 (111, 78, '9/25/2021', 1),
 (282, 64, '9/27/2021', 1),
 (84, 36, '6/23/2021', -1),
 (24, 88, '12/28/2021', -1),
 (244, 59, '2/12/2021', 1),
 (27, 50, '2/28/2021', -1),
 (26, 22, '7/29/2021', 1),
 (171, 71, '2/23/2021', 1),
 (140, 68, '7/9/2021', -1),
 (254, 41, '2/27/2021', 1),
 (277, 25, '6/28/2021', -1),
 (144, 71, '12/15/2021', 1),
 (140, 66, '8/18/2021', 1),
 (225, 74, '4/26/2021', 1),
 (234, 22, '3/18/2021', 1),
 (240, 39, '1/10/2022', 1),
 (113, 97, '3/29/2021', 1),
 (211, 13, '12/26/2021', -1),
 (145, 53, '3/22/2021', -1),
 (288, 62, '9/2/2021', 1),
 (260, 43, '12/1/2021', 1),
 (66, 87, '11/9/2021', 1),
 (239, 88, '3/29/2021', -1),
 (63, 27, '3/12/2021', 1),
 (261, 57, '3/23/2021', 1),
 (6, 9, '2/23/2021', 1),
 (135, 48, '1/16/2022', 1),
 (217, 46, '10/30/2021', 1),
 (235, 64, '9/13/2021', -1),
 (143, 89, '3/4/2021', 1),
 (37, 36, '11/23/2021', 1),
 (145, 99, '1/28/2022', -1),
 (262, 6, '5/31/2021', -1),
 (126, 92, '3/4/2021', 1),
 (151, 3, '9/19/2021', -1),
 (121, 65, '2/1/2022', -1),
 (11, 93, '6/20/2021', 1),
 (53, 63, '7/25/2021', 1),
 (213, 42, '4/5/2021', -1),
 (58, 70, '9/28/2021', -1),
 (160, 88, '9/22/2021', 1),
 (139, 72, '2/10/2021', -1),
 (93, 85, '11/9/2021', -1),
 (290, 27, '2/19/2021', 1),
 (85, 23, '1/9/2022', 1),
 (28, 65, '3/26/2021', 1),
 (170, 90, '5/19/2021', 1),
 (131, 80, '8/16/2021', 1),
 (151, 43, '10/21/2021', 1),
 (207, 76, '1/3/2022', 1),
 (181, 92, '7/21/2021', -1),
 (245, 92, '2/11/2021', 1),
 (9, 56, '1/3/2022', 1),
 (42, 72, '4/3/2021', 1),
 (254, 3, '4/1/2021', 1),
 (138, 3, '1/20/2022', 1),
 (27, 55, '5/28/2021', 1),
 (157, 61, '10/18/2021', 1),
 (160, 96, '2/21/2021', -1),
 (123, 100, '4/2/2021', 1),
 (48, 57, '12/25/2021', -1),
 (120, 4, '10/25/2021', 1),
 (295, 78, '9/14/2021', 1),
 (21, 51, '12/29/2021', 1),
 (17, 90, '2/14/2021', 1),
 (113, 39, '2/3/2022', 1),
 (249, 2, '6/19/2021', 1),
 (112, 77, '2/4/2022', 1),
 (145, 58, '11/24/2021', 1),
 (253, 39, '8/9/2021', 1),
 (23, 76, '10/2/2021', 1),
 (113, 58, '4/30/2021', 1),
 (13, 82, '3/15/2021', -1),
 (60, 7, '4/22/2021', 1),
 (140, 65, '11/23/2021', 1),
 (291, 87, '3/14/2021', 1),
 (39, 88, '5/19/2021', -1),
 (94, 10, '11/13/2021', 1),
 (251, 33, '7/3/2021', -1),
 (155, 80, '7/9/2021', 1),
 (78, 16, '3/28/2021', 1),
 (152, 1, '2/25/2021', -1),
 (205, 2, '9/20/2021', 1),
 (175, 71, '6/11/2021', 1),
 (108, 40, '5/31/2021', -1),
 (211, 6, '2/10/2021', 1),
 (147, 52, '11/1/2021', 1),
 (207, 1, '2/2/2022', 1),
 (262, 58, '12/28/2021', 1),
 (45, 30, '9/3/2021', 1),
 (20, 84, '8/6/2021', 1),
 (159, 77, '1/10/2022', 1),
 (255, 8, '3/8/2021', -1),
 (137, 18, '8/11/2021', 1),
 (243, 77, '7/13/2021', 1),
 (30, 28, '11/5/2021', 1),
 (15, 48, '10/2/2021', 1),
 (91, 51, '4/17/2021', 1),
 (61, 92, '5/18/2021', 1),
 (230, 92, '1/1/2022', 1),
 (189, 36, '2/16/2021', -1),
 (187, 84, '4/29/2021', -1),
 (5, 19, '7/5/2021', 1),
 (19, 26, '8/20/2021', 1),
 (41, 27, '10/3/2021', -1),
 (174, 41, '7/8/2021', 1),
 (119, 94, '3/30/2021', 1),
 (97, 57, '10/21/2021', 1),
 (221, 24, '8/23/2021', -1),
 (9, 86, '2/16/2021', 1),
 (159, 73, '6/6/2021', 1),
 (164, 58, '9/4/2021', 1),
 (103, 75, '12/27/2021', 1),
 (21, 24, '3/10/2021', 1),
 (51, 60, '8/1/2021', 1),
 (189, 10, '4/19/2021', 1),
 (205, 28, '7/15/2021', 1),
 (259, 40, '8/6/2021', -1),
 (218, 72, '2/23/2021', 1),
 (265, 66, '9/23/2021', 1),
 (137, 87, '10/29/2021', 1),
 (22, 23, '11/9/2021', -1),
 (260, 63, '2/12/2021', 1),
 (294, 61, '11/2/2021', -1),
 (250, 14, '9/28/2021', 1),
 (219, 58, '7/13/2021', 1),
 (257, 73, '4/29/2021', 1),
 (266, 1, '12/23/2021', -1),
 (296, 65, '1/8/2022', 1),
 (275, 6, '8/11/2021', 1),
 (243, 78, '7/13/2021', 1),
 (246, 39, '7/30/2021', 1),
 (96, 98, '1/20/2022', -1),
 (5, 85, '6/11/2021', 1),
 (100, 52, '11/9/2021', 1),
 (129, 44, '6/2/2021', 1),
 (159, 23, '11/14/2021', 1),
 (134, 34, '9/6/2021', 1),
 (205, 39, '10/3/2021', -1),
 (137, 91, '1/6/2022', 1),
 (290, 75, '3/8/2021', -1),
 (225, 12, '8/30/2021', 1),
 (240, 61, '11/11/2021', -1),
 (262, 17, '5/3/2021', 1),
 (60, 8, '12/29/2021', -1),
 (267, 93, '10/18/2021', 1),
 (193, 10, '4/20/2021', -1),
 (97, 19, '6/4/2021', 1),
 (233, 26, '10/7/2021', -1),
 (73, 38, '8/12/2021', 1),
 (277, 99, '2/6/2022', -1),
 (110, 89, '6/3/2021', -1),
 (71, 35, '9/30/2021', -1),
 (32, 58, '2/11/2021', 1),
 (104, 9, '9/2/2021', -1),
 (106, 65, '12/18/2021', -1),
 (154, 20, '1/24/2022', 1),
 (62, 91, '10/4/2021', 1),
 (40, 59, '9/1/2021', 1),
 (164, 32, '9/7/2021', 1),
 (235, 3, '5/13/2021', -1),
 (23, 51, '1/9/2022', 1),
 (226, 57, '1/29/2022', 1),
 (256, 60, '12/15/2021', 1),
 (242, 70, '3/5/2021', 1),
 (51, 51, '12/5/2021', -1),
 (179, 16, '11/18/2021', -1),
 (8, 63, '12/9/2021', 1),
 (80, 59, '10/14/2021', 1),
 (139, 89, '11/16/2021', 1),
 (135, 22, '9/3/2021', 1),
 (235, 18, '2/23/2021', 1),
 (284, 61, '12/6/2021', 1),
 (50, 41, '10/9/2021', 1),
 (76, 27, '11/3/2021', 1),
 (174, 71, '12/26/2021', 1),
 (105, 46, '11/24/2021', 1),
 (47, 81, '7/22/2021', 1),
 (87, 15, '11/8/2021', 1),
 (58, 6, '9/29/2021', 1),
 (10, 64, '11/11/2021', 1),
 (37, 32, '7/17/2021', 1),
 (76, 22, '11/17/2021', 1),
 (132, 23, '1/21/2022', 1),
 (207, 46, '10/20/2021', -1),
 (214, 13, '2/15/2021', -1),
 (139, 67, '10/31/2021', 1),
 (46, 83, '10/10/2021', 1),
 (71, 53, '2/7/2021', -1),
 (177, 70, '11/23/2021', -1),
 (7, 19, '11/18/2021', -1),
 (284, 99, '10/7/2021', -1),
 (151, 84, '3/5/2021', 1),
 (273, 52, '12/10/2021', 1),
 (106, 69, '2/20/2021', 1),
 (114, 65, '8/28/2021', 1),
 (81, 91, '5/6/2021', 1),
 (273, 61, '10/1/2021', 1),
 (183, 97, '12/12/2021', 1),
 (130, 16, '12/6/2021', -1),
 (246, 74, '11/22/2021', 1),
 (111, 66, '9/27/2021', 1),
 (285, 24, '3/26/2021', 1),
 (56, 62, '5/23/2021', 1),
 (217, 79, '9/5/2021', 1),
 (124, 87, '12/7/2021', -1),
 (64, 55, '1/29/2022', 1),
 (3, 76, '5/27/2021', 1),
 (155, 26, '2/22/2021', -1),
 (296, 92, '6/30/2021', 1),
 (174, 15, '6/7/2021', 1),
 (276, 43, '7/17/2021', 1),
 (250, 30, '4/22/2021', 1),
 (252, 31, '1/10/2022', 1),
 (37, 66, '2/3/2022', 1),
 (111, 88, '3/25/2021', -1),
 (59, 94, '4/17/2021', 1),
 (204, 57, '1/25/2022', -1),
 (75, 11, '1/1/2022', -1),
 (60, 6, '10/23/2021', -1),
 (20, 70, '7/22/2021', 1),
 (15, 23, '9/10/2021', -1),
 (106, 13, '6/22/2021', -1),
 (16, 51, '5/27/2021', 1),
 (211, 66, '3/4/2021', -1),
 (9, 98, '6/30/2021', -1),
 (28, 41, '10/10/2021', 1),
 (198, 9, '5/30/2021', 1),
 (134, 54, '8/16/2021', 1),
 (288, 41, '3/18/2021', 1),
 (93, 17, '11/21/2021', 1),
 (37, 64, '7/1/2021', -1),
 (67, 66, '12/30/2021', -1),
 (181, 28, '8/29/2021', -1),
 (59, 20, '1/4/2022', 1),
 (185, 2, '4/28/2021', 1),
 (273, 84, '9/21/2021', -1),
 (101, 91, '1/4/2022', -1),
 (253, 15, '1/26/2022', 1),
 (275, 57, '6/15/2021', 1),
 (43, 32, '3/13/2021', -1),
 (142, 83, '8/25/2021', -1),
 (131, 16, '2/28/2021', 1),
 (78, 77, '3/12/2021', -1),
 (226, 4, '6/13/2021', 1),
 (270, 75, '8/9/2021', 1),
 (295, 83, '2/28/2021', 1),
 (260, 70, '11/17/2021', 1),
 (232, 64, '8/3/2021', 1),
 (141, 59, '10/21/2021', 1),
 (124, 41, '11/30/2021', 1),
 (102, 6, '9/9/2021', -1),
 (266, 95, '7/28/2021', 1),
 (59, 29, '5/30/2021', 1),
 (180, 71, '6/1/2021', 1),
 (291, 88, '5/9/2021', 1),
 (129, 70, '2/18/2021', 1),
 (177, 57, '7/31/2021', 1),
 (255, 77, '10/10/2021', 1),
 (228, 63, '2/6/2022', 1),
 (22, 84, '8/1/2021', -1),
 (20, 52, '1/20/2022', 1),
 (151, 88, '3/22/2021', -1),
 (165, 10, '6/4/2021', -1),
 (1, 100, '5/6/2021', -1),
 (146, 13, '8/3/2021', -1),
 (276, 62, '8/17/2021', 1),
 (251, 44, '4/23/2021', 1),
 (132, 39, '5/7/2021', 1),
 (250, 86, '7/16/2021', -1),
 (119, 84, '9/6/2021', 1),
 (27, 36, '5/27/2021', 1),
 (78, 59, '6/22/2021', -1),
 (43, 31, '12/7/2021', -1),
 (72, 2, '11/10/2021', 1),
 (128, 65, '7/12/2021', 1),
 (232, 85, '12/13/2021', -1),
 (2, 52, '8/14/2021', -1),
 (149, 56, '1/22/2022', 1),
 (45, 3, '10/10/2021', 1),
 (180, 55, '8/2/2021', 1),
 (1, 1, '12/7/2021', -1),
 (210, 38, '4/18/2021', -1),
 (98, 96, '8/21/2021', -1),
 (263, 45, '12/12/2021', 1),
 (17, 69, '12/18/2021', 1),
 (49, 99, '12/12/2021', 1),
 (272, 15, '2/14/2021', 1),
 (163, 24, '8/1/2021', 1),
 (57, 27, '10/27/2021', 1),
 (272, 32, '7/18/2021', 1),
 (44, 96, '9/4/2021', -1),
 (108, 27, '9/21/2021', -1),
 (91, 59, '5/2/2021', 1),
 (181, 72, '3/25/2021', -1),
 (229, 64, '3/2/2021', 1),
 (89, 31, '6/1/2021', 1),
 (247, 53, '7/6/2021', -1),
 (174, 29, '10/5/2021', -1),
 (159, 63, '3/17/2021', 1),
 (289, 67, '8/22/2021', -1),
 (141, 76, '9/19/2021', 1),
 (73, 84, '2/19/2021', 1),
 (25, 99, '7/6/2021', 1),
 (46, 4, '5/1/2021', -1),
 (141, 43, '1/3/2022', 1),
 (20, 25, '2/10/2021', 1),
 (156, 18, '5/24/2021', 1),
 (84, 100, '3/7/2021', 1),
 (137, 63, '7/23/2021', -1),
 (196, 77, '6/28/2021', -1),
 (88, 10, '5/6/2021', 1),
 (71, 20, '9/19/2021', 1),
 (153, 100, '10/10/2021', 1),
 (37, 52, '8/18/2021', 1),
 (188, 14, '11/29/2021', 1),
 (274, 33, '6/25/2021', 1),
 (78, 57, '1/13/2022', 1),
 (170, 89, '10/2/2021', 1),
 (230, 50, '6/22/2021', 1),
 (134, 22, '5/31/2021', 1),
 (277, 97, '10/31/2021', -1),
 (26, 14, '2/4/2022', 1),
 (224, 92, '12/12/2021', 1),
 (149, 74, '6/23/2021', 1),
 (163, 56, '2/4/2022', 1),
 (200, 56, '10/24/2021', 1),
 (103, 32, '11/6/2021', -1),
 (30, 16, '2/22/2021', 1),
 (257, 18, '6/27/2021', -1),
 (131, 30, '1/2/2022', 1),
 (64, 85, '12/15/2021', 1),
 (162, 72, '6/18/2021', -1),
 (43, 41, '7/16/2021', 1),
 (67, 96, '12/12/2021', -1),
 (212, 21, '7/28/2021', 1),
 (199, 66, '5/20/2021', 1),
 (90, 43, '7/27/2021', -1),
 (148, 18, '5/8/2021', 1),
 (165, 71, '1/18/2022', 1),
 (84, 73, '11/17/2021', -1),
 (185, 1, '8/31/2021', -1),
 (281, 9, '7/24/2021', -1),
 (4, 67, '5/25/2021', -1),
 (230, 78, '10/16/2021', 1),
 (230, 70, '4/16/2021', 1),
 (153, 97, '12/21/2021', 1),
 (104, 56, '6/8/2021', -1),
 (246, 50, '8/13/2021', 1),
 (138, 81, '7/6/2021', 1),
 (98, 55, '8/25/2021', 1),
 (273, 74, '1/6/2022', -1),
 (147, 49, '3/8/2021', 1),
 (278, 80, '5/16/2021', 1),
 (5, 71, '11/26/2021', -1),
 (50, 8, '2/3/2022', -1),
 (41, 16, '4/27/2021', -1),
 (252, 63, '8/21/2021', 1),
 (135, 52, '11/12/2021', 1),
 (105, 7, '5/5/2021', -1),
 (105, 85, '2/24/2021', -1),
 (214, 95, '9/21/2021', 1),
 (132, 50, '10/2/2021', 1),
 (169, 2, '5/24/2021', -1),
 (129, 8, '8/13/2021', 1),
 (289, 58, '8/3/2021', 1),
 (255, 90, '9/12/2021', 1),
 (159, 69, '2/22/2021', 1),
 (113, 31, '9/24/2021', -1),
 (186, 9, '10/15/2021', 1),
 (34, 1, '8/9/2021', 1),
 (145, 89, '7/18/2021', 1),
 (264, 62, '2/12/2021', -1),
 (88, 33, '6/21/2021', -1),
 (183, 13, '7/29/2021', 1),
 (292, 8, '1/6/2022', 1),
 (204, 74, '10/15/2021', -1),
 (270, 28, '4/4/2021', 1),
 (280, 77, '9/1/2021', 1),
 (104, 87, '8/10/2021', 1),
 (283, 1, '8/1/2021', -1),
 (249, 72, '9/9/2021', 1),
 (261, 100, '8/21/2021', -1),
 (147, 24, '4/9/2021', 1),
 (267, 70, '8/9/2021', -1),
 (257, 51, '11/19/2021', 1),
 (194, 86, '12/12/2021', -1),
 (285, 10, '3/19/2021', 1),
 (271, 90, '7/20/2021', 1),
 (91, 76, '8/25/2021', -1),
 (157, 40, '6/24/2021', 1),
 (190, 75, '7/16/2021', 1),
 (162, 62, '6/12/2021', 1),
 (74, 73, '4/19/2021', 1),
 (44, 83, '8/16/2021', 1),
 (142, 75, '12/6/2021', -1),
 (76, 96, '11/19/2021', -1),
 (69, 5, '1/22/2022', 1),
 (259, 1, '4/14/2021', 1),
 (217, 60, '9/17/2021', 1),
 (82, 32, '7/27/2021', 1),
 (18, 6, '1/22/2022', 1),
 (62, 4, '5/7/2021', 1),
 (215, 24, '12/7/2021', 1),
 (56, 78, '1/15/2022', 1),
 (121, 8, '2/23/2021', 1),
 (165, 22, '7/27/2021', -1),
 (250, 72, '9/5/2021', -1),
 (119, 99, '2/6/2022', 1),
 (163, 67, '1/19/2022', 1),
 (226, 94, '10/12/2021', 1),
 (208, 16, '11/11/2021', 1),
 (266, 18, '10/30/2021', 1),
 (190, 5, '4/22/2021', 1),
 (195, 99, '10/11/2021', 1),
 (10, 36, '2/21/2021', 1),
 (184, 58, '10/4/2021', 1),
 (94, 63, '10/30/2021', -1),
 (134, 77, '8/22/2021', -1),
 (176, 63, '8/30/2021', -1),
 (220, 48, '10/28/2021', 1),
 (263, 7, '12/8/2021', -1),
 (217, 74, '10/5/2021', 1),
 (2, 76, '6/15/2021', -1),
 (115, 88, '6/17/2021', 1),
 (119, 29, '6/16/2021', 1),
 (19, 62, '12/23/2021', -1),
 (153, 89, '12/2/2021', 1),
 (107, 72, '1/10/2022', 1),
 (245, 79, '5/28/2021', 1),
 (29, 83, '8/28/2021', 1),
 (272, 82, '4/16/2021', 1),
 (294, 41, '10/21/2021', -1),
 (85, 66, '9/12/2021', -1),
 (54, 79, '10/23/2021', 1),
 (219, 94, '2/5/2022', 1),
 (136, 82, '5/23/2021', 1),
 (29, 97, '10/17/2021', 1),
 (167, 80, '8/4/2021', -1),
 (181, 15, '1/12/2022', 1),
 (156, 41, '3/26/2021', 1),
 (200, 89, '2/2/2022', -1),
 (56, 12, '4/21/2021', 1),
 (129, 31, '8/7/2021', 1),
 (206, 84, '2/14/2021', -1),
 (126, 55, '8/29/2021', 1),
 (166, 49, '2/3/2022', 1),
 (54, 18, '8/7/2021', 1),
 (110, 33, '9/19/2021', -1),
 (83, 13, '11/11/2021', 1),
 (240, 8, '1/8/2022', 1),
 (257, 25, '10/30/2021', -1),
 (132, 67, '11/29/2021', 1),
 (47, 64, '11/13/2021', -1),
 (124, 39, '2/14/2021', 1),
 (123, 41, '6/2/2021', -1),
 (249, 67, '6/2/2021', 1),
 (223, 76, '9/5/2021', -1),
 (222, 70, '6/7/2021', 1),
 (231, 28, '4/10/2021', 1),
 (195, 89, '5/29/2021', 1),
 (214, 17, '6/29/2021', 1),
 (236, 43, '2/25/2021', 1),
 (193, 96, '12/17/2021', 1),
 (65, 78, '5/14/2021', 1),
 (100, 25, '11/11/2021', 1),
 (97, 41, '5/5/2021', -1),
 (221, 2, '9/29/2021', 1),
 (159, 14, '11/25/2021', 1),
 (95, 53, '4/30/2021', -1),
 (4, 64, '12/22/2021', 1),
 (267, 40, '1/4/2022', -1),
 (252, 89, '2/18/2021', 1),
 (143, 88, '2/11/2021', -1),
 (200, 49, '8/1/2021', 1),
 (248, 38, '5/19/2021', 1),
 (72, 5, '4/21/2021', 1),
 (19, 14, '10/17/2021', -1),
 (216, 86, '1/2/2022', 1),
 (292, 44, '9/29/2021', -1),
 (209, 35, '4/23/2021', 1),
 (243, 6, '5/13/2021', -1),
 (146, 41, '3/28/2021', 1),
 (12, 60, '1/9/2022', 1),
 (190, 61, '10/23/2021', 1);
